date,ticker,period,distinct_events,cat_ai_cloud_infrastructure_investment,cat_ai_generative_ai_strategy,cat_ai_platform_chip_launches,cat_ai_strategic_investments,cat_ai_strategy_infrastructure,cat_ai_strategy_innovation,cat_analyst_consensus_signals,cat_antitrust_regulatory_compliance,cat_autonomous_driving_robotaxi,cat_aws_cloud_infrastructure,cat_capital_allocation_signal,cat_catalyst_immediacy,cat_child_safety_content_moderation,cat_china_market_competition,cat_cloud_enterprise_growth,cat_competitive_impact,cat_competitive_landscape,cat_content_entertainment_sports,cat_corporate_strategy_operations,cat_cybersecurity_service_disruptions,cat_datacenter_energy_infrastructure,cat_digital_platform_regulation,cat_directional_clarity,cat_earnings_financial_results,cat_ecommerce_retail_operations,cat_enterprise_industry_partnerships,cat_financial_result_surprise,cat_gaming_consumer_products,cat_gaming_entertainment_strategy,cat_gemini_ai_innovation,cat_geopolitical_government_relations,cat_global_expansion_sovereign_ai,cat_hardware_metaverse_ar_vr,cat_impact_timeline_duration,cat_information_density,cat_labor_workforce_organization,cat_management_credibility,cat_market_sector_sentiment,cat_materiality,cat_musk_compensation_governance,cat_musk_political_legal_personal,cat_narrative_shift,cat_openai_partnership_dynamics,cat_platform_product_updates,cat_pricing_demand_competition,cat_product_launches_hardware,cat_recalls_safety_regulatory,cat_regulatory_antitrust_compliance,cat_regulatory_antitrust_legal,cat_regulatory_legal_antitrust,cat_regulatory_legal_geopolitical,cat_regulatory_risk,cat_scope_breadth,cat_search_ad_antitrust,cat_sentiment_direction,cat_sentiment_strength,cat_strategic_partnerships_products,cat_supply_chain_manufacturing,cat_surprise_unexpectedness,cat_systemic_contagion_risk,cat_user_data_privacy,cat_valuation_growth_outlook,cat_waymo_autonomous_mobility,cat_workforce_operations,cat_youtube_platform_dynamics,reasoning
2023-11-14,GOOGL,cc,1,0,0,0,0,0,0,0,0,0,0,0,4,0,0,0,1,0,0,0,0,0,5,4,0,0,0,0,0,0,0,0,0,0,5,4,0,1,4,3,0,0,2,0,0,0,0,0,0,0,0,0,6,6,0,3,4,0,0,3,3,3,2,0,0,3,"Federal judge ruling that Meta, Alphabet, ByteDance, and Snap must face children's social media addiction lawsuits is a sector-wide legal setback with moderate regulatory risk, though early-stage litigation limits near-term financial impact."
2023-11-15,GOOGL,cc,1,0,0,0,2,0,0,0,0,0,0,5,3,0,0,5,2,0,0,0,0,7,0,5,0,0,0,0,0,0,0,0,0,0,7,5,0,0,4,4,0,0,1,0,0,0,0,0,0,0,0,0,0,5,0,7,4,0,0,3,1,0,3,0,0,0,"Thailand receiving 100B baht (~$2.8B) each from Google, AWS, and Microsoft represents a significant multi-year cloud and datacenter CapEx commitment in Southeast Asia, reinforcing the hyperscaler infrastructure expansion narrative."
2023-11-15,GOOGL,gap,1,0,0,0,2,0,0,0,0,0,0,4,2,0,0,5,3,0,0,0,0,6,0,4,0,0,0,0,0,0,0,0,0,0,5,4,0,0,3,3,0,0,1,0,0,0,0,0,0,0,0,0,0,5,0,7,3,0,0,1,0,0,2,0,0,0,"Shared $8.5B cloud/datacenter investment across AWS, Google, and Microsoft in Thailand is a routine but tangible infrastructure commitment that reinforces Google Cloud's international expansion narrative without being individually transformative."
2023-11-16,GOOGL,cc,1,0,0,0,1,0,0,0,0,0,0,1,1,0,0,1,1,0,0,0,0,2,1,3,0,0,0,0,0,0,0,0,0,0,3,2,0,0,1,2,0,0,0,0,0,0,0,0,0,0,0,0,0,3,0,6,2,0,0,1,0,0,1,0,0,0,Malaysia-Google strategic skills collaboration is a routine government partnership announcement with minimal financial materiality and no specific investment figures disclosed.
2023-11-16,GOOGL,gap,1,0,0,0,1,0,0,0,0,0,0,1,1,0,0,2,1,0,0,0,0,1,1,2,0,0,0,0,0,0,0,0,0,0,2,2,0,0,1,1,0,0,0,0,0,0,0,0,0,0,0,0,0,2,0,6,2,0,0,0,0,0,1,0,0,0,A government skills collaboration in Malaysia is a routine public-relations partnership with negligible financial impact on Google's overall business.
2023-11-17,GOOGL,cc,2,0,0,0,3,0,0,0,0,0,0,0,5,0,0,0,6,0,0,0,0,0,2,5,0,0,0,0,0,0,8,0,0,0,5,3,0,3,4,5,0,0,4,0,0,0,0,0,0,0,0,0,5,4,6,3,5,0,0,5,1,0,4,0,0,0,"Gemini AI delay gives OpenAI more competitive runway and raises execution concerns, while the DOJ search trial wrapping its evidentiary phase keeps antitrust overhang alive — both negative signals."
2023-11-17,GOOGL,gap,2,0,0,0,3,0,0,0,0,0,0,0,5,0,0,1,6,0,0,0,0,0,3,5,0,0,0,0,0,0,7,0,0,0,7,4,0,2,3,5,0,0,4,0,0,0,0,0,0,0,0,0,7,4,7,3,5,0,0,4,2,0,4,0,0,0,"Two significant negative signals — Gemini AI delay gives OpenAI competitive runway and raises execution concerns, while the DOJ search antitrust trial wrapping its evidentiary phase keeps existential regulatory risk front and center."
2023-11-21,GOOGL,cc,1,0,0,0,7,0,0,0,0,0,0,1,4,0,0,1,5,0,0,0,0,0,0,3,0,0,0,0,0,0,2,0,0,0,3,4,0,0,5,3,0,0,3,0,0,0,0,0,0,0,0,0,1,6,0,5,4,0,0,7,2,0,2,0,0,0,OpenAI board approaching Google-backed Anthropic CEO about merger is a highly surprising AI industry event with indirect but meaningful implications for Google's strategic AI investment positioning.
2023-11-21,GOOGL,gap,1,0,0,0,7,0,0,0,0,0,0,0,4,0,0,1,5,0,0,0,0,0,0,3,0,0,0,0,0,0,2,0,0,0,4,4,0,0,5,3,0,0,3,0,0,0,0,0,0,0,0,0,2,6,0,5,4,0,0,7,2,0,3,0,0,0,OpenAI's board approaching Google-backed Anthropic's CEO about a potential merger is a highly surprising development that could reshape the AI competitive landscape and directly affects Google's strategic AI investment thesis.
2023-11-22,GOOGL,cc,2,0,0,0,0,0,0,0,0,0,0,0,2,0,0,0,1,0,0,0,0,0,6,3,0,0,0,0,0,0,0,0,0,0,4,3,0,0,3,2,0,0,1,0,0,0,0,0,0,0,0,0,5,6,0,4,3,0,0,2,3,5,1,0,0,0,"EU child safety content rules targeting Big Tech including Google represent incremental regulatory burden across the sector, while the ICBC cyberattack is tangential to Google's business."
2023-11-29,GOOGL,cc,2,0,0,0,4,0,0,0,0,0,0,1,5,0,0,1,4,0,0,0,0,0,7,6,0,0,0,0,0,0,5,0,0,0,5,5,0,3,3,5,0,0,4,0,0,0,0,0,0,0,0,0,5,4,1,7,6,0,0,4,1,0,4,0,0,0,"Canada Online News Act deal removes a concrete regulatory overhang positively, and DeepMind's 2M+ new materials prediction is a high-profile AI research breakthrough reinforcing Google's AI leadership narrative."
2023-11-30,GOOGL,cc,1,0,0,0,0,0,0,0,0,0,0,0,1,0,0,0,1,0,0,0,0,0,4,3,0,0,0,0,0,0,0,0,0,0,2,2,0,1,2,2,0,0,0,0,0,0,0,0,0,0,0,0,3,6,0,6,2,0,0,1,1,2,0,0,0,0,Voluntary UK anti-fraud agreement signed by 11 tech firms including Google is a routine industry cooperation initiative with minimal material impact on Google's business.
2023-11-30,GOOGL,gap,1,0,0,0,0,0,0,0,0,0,0,0,1,0,0,0,0,0,0,0,0,0,4,2,0,0,0,0,0,0,0,0,0,0,2,2,0,0,2,1,0,0,0,0,0,0,0,0,0,0,0,0,2,5,0,5,1,0,0,0,0,1,0,0,0,0,"A voluntary industry-wide agreement with the UK government on online fraud is a low-impact, unsurprising cooperative measure with no material financial consequence for Google."
2023-12-06,GOOGL,cc,1,0,0,0,0,0,0,2,0,0,0,0,1,0,0,4,0,0,0,0,0,0,0,1,0,0,0,0,0,0,0,0,0,0,1,3,0,1,1,1,0,0,0,0,0,0,0,0,0,0,0,0,0,1,0,5,1,0,0,0,0,0,1,0,0,0,Routine webcast transcript of Google Cloud CTO at an analyst conference provides minimal new information and no market-moving content.
2023-12-07,GOOGL,cc,3,0,0,0,4,0,0,5,0,0,0,1,8,0,0,2,7,0,0,0,0,0,2,8,0,0,0,0,0,0,10,0,0,0,7,5,0,5,7,7,0,0,7,0,0,0,0,0,0,0,0,0,2,5,0,9,8,0,0,5,0,0,7,0,0,2,"Gemini AI model launch drove a 5%+ Alphabet surge and a broader Nasdaq AI rally, with Wall Street cheering the narrowing of Google's gap with OpenAI — the most significant single-day AI catalyst for GOOGL in this period."
2023-12-08,GOOGL,cc,1,0,0,0,2,0,0,2,0,0,0,0,4,0,0,0,3,0,0,0,0,0,0,7,0,0,0,0,0,0,7,0,0,0,5,2,0,2,6,5,0,0,3,0,0,0,0,0,0,0,0,0,0,4,0,8,6,0,0,2,0,0,4,0,0,0,Day-after recap of the Gemini-driven Alphabet and AMD rally carries no new information but confirms sustained positive market sentiment from the prior session's AI catalyst.
2023-12-08,GOOGL,gap,1,0,0,0,2,0,0,0,0,0,0,0,3,0,0,1,1,0,0,0,0,0,0,4,0,0,0,0,0,0,2,0,0,0,2,2,0,0,7,2,0,0,1,0,0,0,0,0,0,0,0,0,0,6,0,8,4,0,0,1,0,0,2,0,0,0,"Alphabet named as a key driver of Nasdaq gains on AI optimism is primarily market/sector sentiment rather than company-specific news, with no concrete new information disclosed."
2023-12-12,GOOGL,cc,3,0,0,0,0,0,0,1,0,0,0,0,7,0,0,0,6,0,0,0,0,0,6,7,0,0,0,0,0,0,0,0,0,0,7,6,0,2,3,7,0,0,6,0,0,0,0,0,0,0,0,0,8,5,8,2,7,0,0,6,3,0,4,0,0,4,"Epic Games jury verdict finding Google violated antitrust law in its Play Store practices is a major legal defeat that could force structural changes to app distribution, compounding Google's global antitrust exposure."
2023-12-12,GOOGL,gap,1,0,0,0,0,0,0,0,0,0,0,0,3,0,0,0,0,0,0,0,0,0,0,2,0,0,0,0,0,0,0,0,0,0,1,2,0,0,6,0,0,0,0,0,0,0,0,0,0,0,0,0,0,9,0,6,1,0,0,0,1,0,1,0,0,0,Pure macro news about futures ahead of CPI data and the Fed meeting has no GOOGL-specific content and scores high only on broad market scope.
2023-12-13,GOOGL,cc,2,0,0,0,7,0,0,0,0,0,0,3,4,0,0,7,5,0,0,0,0,0,0,6,0,0,0,0,0,0,2,0,0,0,5,4,0,3,4,4,0,0,3,0,0,0,0,0,0,0,0,0,0,4,0,7,5,0,0,3,0,0,4,0,0,0,Google Cloud's Mistral AI partnership and GV's new AI-focused investment partner both signal an aggressive multi-model cloud strategy competing directly with Azure/OpenAI's exclusive approach.
2023-12-13,GOOGL,gap,1,0,0,0,4,0,0,0,0,0,0,2,1,0,0,1,1,0,0,0,0,0,0,2,0,0,0,0,0,0,1,0,0,0,2,3,0,1,1,1,0,0,0,0,0,0,0,0,0,0,0,0,0,1,0,6,2,0,0,0,0,0,1,0,0,0,Google Ventures hiring a new partner focused on AI and open-source startups is a minor corporate move that signals continued AI investment interest but has negligible direct financial impact.
2023-12-14,GOOGL,cc,2,0,0,0,0,0,0,0,0,0,0,0,2,0,0,0,2,0,0,0,0,0,7,3,0,0,0,0,0,0,0,0,0,0,4,3,0,0,3,3,0,0,1,0,0,0,0,0,0,0,0,0,5,6,2,4,2,0,0,2,3,4,1,0,0,0,EU formally requesting information from Google under the DSA is the most material event — a procedural but direct regulatory action — while Spain's age verification is tangential background regulation.
2023-12-14,GOOGL,gap,2,0,0,0,0,0,0,0,0,0,0,0,3,0,0,0,1,0,0,0,0,0,7,3,0,0,0,0,0,0,0,0,0,0,4,3,0,0,2,3,0,0,1,0,0,0,0,0,0,0,0,0,6,4,1,4,3,0,0,2,1,3,1,0,0,0,"The EU Commission's formal DSA information request to Google is the primary driver, representing a concrete regulatory compliance step, while Spain's age-verification initiative adds minor background regulatory pressure."
2023-12-15,GOOGL,cc,2,0,0,0,0,0,0,0,0,0,0,0,3,0,0,0,4,0,0,0,0,0,4,4,0,0,0,0,0,0,0,0,0,0,6,4,0,1,3,4,0,0,3,0,0,0,0,0,0,0,0,0,3,6,3,5,3,0,0,3,3,7,3,0,0,0,"Google beginning to test third-party cookie restrictions in Chrome is the key event — it directly impacts the ad-tracking ecosystem and has long-term revenue implications, earning high privacy and moderate materiality scores."
2023-12-15,GOOGL,gap,2,0,0,0,0,0,0,0,0,0,0,0,3,0,0,0,4,0,0,0,0,0,4,4,0,0,0,0,0,0,0,0,0,0,6,4,0,0,3,4,0,0,2,0,0,0,0,0,0,0,0,0,3,6,2,5,3,0,0,2,2,7,3,0,0,0,Google beginning to test Chrome's third-party cookie restriction feature is the dominant signal — a concrete step in deprecating tracking cookies that has long-term implications for the entire digital advertising ecosystem and Google's ad revenue model.
2023-12-19,GOOGL,cc,1,0,0,0,0,0,0,2,0,0,0,2,6,0,0,0,5,0,0,0,0,0,6,7,0,0,0,0,0,0,0,0,0,0,5,6,0,2,3,7,0,0,4,0,0,0,0,0,0,0,0,0,7,4,7,3,5,0,0,4,3,0,3,0,0,0,"The $700M Google Play settlement is a concrete, large-dollar antitrust resolution with clear negative financial impact and potential structural changes to Play Store practices, warranting high materiality, regulatory, and antitrust scores."
2023-12-20,GOOGL,cc,3,0,0,0,0,0,0,0,0,0,0,2,4,0,0,0,3,0,0,0,0,0,4,4,0,0,0,0,0,0,0,0,0,0,5,4,0,3,5,5,0,0,3,0,0,0,0,0,0,0,0,0,5,5,4,5,4,0,0,4,2,5,3,0,0,1,"Three distinct events — Google's ad sales restructuring driven by automation is the most GOOGL-specific and operationally significant, while the FTC children's data proposal adds regulatory pressure and the tech sector rally provides a mixed-positive backdrop."
2023-12-20,GOOGL,gap,2,0,0,0,2,0,0,0,0,0,0,2,4,0,0,0,3,0,0,0,0,0,0,5,0,0,0,0,0,0,2,0,0,0,5,4,0,2,5,5,0,0,3,0,0,0,0,0,0,0,0,0,0,3,4,6,4,0,0,4,1,0,3,0,0,0,"Google planning to reorganize its 30,000-person ad sales unit around automation is a moderately material operational restructuring, combined with broad tech sector speculative euphoria."
2023-12-21,GOOGL,cc,1,0,0,0,0,0,0,0,0,0,0,0,1,0,0,0,1,0,0,0,0,0,2,1,0,0,0,0,0,0,0,0,0,0,2,2,0,0,1,1,0,0,0,0,0,0,0,0,0,0,0,0,3,4,1,5,1,0,0,1,1,0,0,0,0,0,India's antitrust body appointing a new investigations head is only tangentially relevant to Google — the body has investigated Google before but this personnel change is low-impact background noise.
2023-12-21,GOOGL,gap,1,0,0,0,0,0,0,0,0,0,0,0,1,0,0,0,0,0,0,0,0,0,2,1,0,0,0,0,0,0,0,0,0,0,1,2,0,0,1,1,0,0,0,0,0,0,0,0,0,0,0,0,3,4,2,4,1,0,0,1,1,0,0,0,0,0,India's antitrust body appointing a new investigations head is only tangentially relevant to GOOGL and carries minimal direct impact.
2024-01-02,GOOGL,cc,0,0,0,0,0,0,0,0,0,0,0,0,0,0,0,0,0,0,0,0,0,0,0,0,0,0,0,0,0,0,0,0,0,0,0,0,0,0,0,0,0,0,0,0,0,0,0,0,0,0,0,0,0,0,0,5,0,0,0,0,0,0,0,0,0,0,The Hershey/Reese's packaging lawsuit has zero relevance to Alphabet/GOOGL — no GOOGL-related events occurred in this entry.
2024-01-02,GOOGL,gap,1,0,0,0,0,0,0,0,0,0,0,0,0,0,0,0,0,0,0,0,0,0,0,0,0,0,0,0,0,0,0,0,0,0,0,0,0,0,0,0,0,0,0,0,0,0,0,0,0,0,0,0,0,0,0,5,0,0,0,0,0,0,0,0,0,0,Hershey Reese's candy lawsuit is entirely irrelevant to GOOGL with zero bearing on any business segment.
2024-01-03,GOOGL,cc,1,0,0,0,3,0,0,0,0,0,0,0,1,0,0,1,2,0,0,0,0,0,0,1,0,0,0,0,0,0,3,0,0,0,2,2,0,0,4,1,0,0,1,0,0,0,0,0,0,0,0,0,0,7,0,6,2,0,0,0,1,0,2,0,0,0,A retrospective overview of generative AI in 2023 is low-materiality background context for GOOGL — it reinforces the AI competitive narrative but contains no new GOOGL-specific information or catalyst.
2024-01-03,GOOGL,gap,1,0,0,0,3,0,0,0,0,0,0,0,1,0,0,1,3,0,0,0,0,0,0,1,0,0,0,0,0,0,3,0,0,0,3,2,0,0,4,1,0,0,1,0,0,0,0,0,0,0,0,0,0,7,0,6,2,0,0,0,0,0,2,0,0,0,A retrospective on generative AI's 2023 is broad industry color with only indirect relevance to Google's competitive position in AI.
2024-01-05,GOOGL,cc,1,0,0,0,0,0,0,0,0,0,0,0,2,0,0,0,2,0,0,0,0,0,5,2,0,0,0,0,0,0,0,0,0,0,3,2,0,0,3,2,0,0,1,0,0,0,0,0,0,0,0,0,4,6,3,4,2,0,0,2,2,0,1,0,0,0,EU antitrust chief Vestager meeting Alphabet's CEO is a signal of continued regulatory scrutiny but remains a procedural step with no immediate enforcement action or decision.
2024-01-05,GOOGL,gap,1,0,0,0,0,0,0,0,0,0,0,0,3,0,0,0,1,0,0,0,0,0,5,2,0,0,0,0,0,0,0,0,0,0,3,2,0,1,3,2,0,0,1,0,0,0,0,0,0,0,0,0,5,6,3,4,2,0,0,2,2,0,1,0,0,0,EU antitrust chief Vestager scheduling meetings with Alphabet's CEO signals ongoing regulatory scrutiny but no concrete action yet.
2024-01-08,GOOGL,cc,1,0,0,0,0,0,0,0,0,0,0,0,1,0,0,0,1,0,0,0,0,0,0,1,0,0,0,0,0,0,0,0,0,0,1,1,0,0,2,1,0,0,0,0,0,0,0,0,0,0,0,0,0,6,0,6,1,0,0,0,0,0,1,0,0,0,India's Gujarat investment summit is a broad macro event with no specific GOOGL relevance — general tech investment climate context only.
2024-01-08,GOOGL,gap,1,0,0,0,0,0,0,0,0,0,0,0,1,0,0,1,0,0,0,0,0,0,0,1,0,0,0,0,0,0,0,0,0,0,2,1,0,0,2,1,0,0,0,0,0,0,0,0,0,0,0,0,0,6,0,6,1,0,0,0,0,0,1,0,0,0,India's Gujarat investment summit is a general emerging-market investment story with negligible direct relevance to GOOGL.
2024-01-09,GOOGL,cc,2,0,0,0,3,0,0,0,0,0,0,1,5,0,0,0,3,0,0,0,0,0,3,4,0,0,0,0,0,0,3,0,0,0,4,5,0,0,3,5,0,0,2,0,0,0,0,0,0,0,0,0,5,4,2,3,4,0,0,4,3,0,2,0,0,0,"The $1.67B AI-related patent damages demand against Google in an active federal trial is the primary event — a material legal risk with specific dollar exposure — while Big Tech's pushback on digital wallet supervision is a secondary, lower-impact regulatory story."
2024-01-09,GOOGL,gap,1,0,0,0,0,0,0,0,0,0,0,0,3,0,0,0,2,0,0,0,0,0,6,3,0,0,0,0,0,0,0,0,0,0,4,4,0,1,3,3,0,0,1,0,0,0,0,0,0,0,0,0,5,6,1,4,3,0,0,2,2,1,1,0,0,0,"CFPB plans to supervise digital wallets directly names Google and represents a moderate regulatory risk to its payments business, though Big Tech is actively pushing back."
2024-01-11,GOOGL,cc,2,0,0,0,1,0,0,0,0,0,0,3,4,0,0,0,2,0,0,0,0,0,0,5,0,0,0,0,0,0,2,0,0,0,3,4,0,4,3,4,0,0,3,0,0,0,0,0,0,0,0,0,0,3,0,3,4,0,0,3,2,0,2,0,0,0,"Google laying off hundreds across Assistant, hardware, and AR teams with Fitbit co-founders departing is a meaningful restructuring move but part of an ongoing industry-wide cost-cutting trend, while the political ad spending report has minimal direct GOOGL impact."
2024-01-11,GOOGL,gap,1,0,0,0,2,0,0,0,0,0,0,4,6,0,0,0,3,0,0,0,0,0,0,5,1,0,0,0,0,0,3,0,0,0,5,6,0,4,3,5,0,0,3,0,0,0,0,0,0,0,0,0,0,2,0,4,5,0,0,4,2,0,3,0,0,0,"Hundreds of layoffs across Assistant, hardware, and AR teams plus Fitbit co-founders departing signals a significant strategic reallocation away from non-core hardware toward AI priorities."
2024-01-16,GOOGL,cc,1,0,0,0,0,0,0,0,0,0,0,3,4,0,0,0,2,0,0,0,0,0,0,5,0,0,0,0,0,0,0,0,0,0,3,3,0,3,2,5,0,0,3,0,0,0,0,0,0,0,0,0,0,2,2,3,4,0,0,3,1,0,2,0,0,0,"Layoffs hitting the core advertising sales team are more materially significant than prior non-revenue team cuts, signaling restructuring in Google's primary revenue engine."
2024-01-17,GOOGL,cc,1,0,0,0,0,0,0,0,0,0,0,0,3,0,0,0,4,0,0,0,0,0,7,4,0,0,0,0,0,0,0,0,0,0,5,4,0,1,3,3,0,0,2,0,0,0,0,0,0,0,0,0,6,4,5,4,2,0,0,1,3,0,2,0,0,0,"Google tweaking search results to give comparison sites more prominence under EU DMA rules is a mandated compliance action that was fully expected, but carries long-term competitive implications for search dominance."
2024-01-18,GOOGL,cc,1,0,0,0,2,0,0,0,0,0,0,6,3,0,0,3,3,0,0,0,0,8,0,6,0,0,0,0,0,0,2,0,0,0,7,5,0,2,2,4,0,0,2,0,0,0,0,0,0,0,0,0,0,3,0,7,4,0,0,2,0,0,4,0,0,0,"A $1 billion UK data center investment on a 33-acre site is a clear positive capital allocation signal reinforcing long-term infrastructure buildout, though routine for a company of Alphabet's scale."
2024-01-22,GOOGL,cc,3,0,0,0,1,0,0,0,0,0,0,3,3,0,0,0,3,0,0,0,0,0,1,4,0,0,0,0,0,0,0,0,0,0,5,4,0,3,2,3,0,0,2,0,0,0,0,0,0,0,0,0,3,3,0,5,3,0,0,3,1,0,3,7,0,0,"Waymo's application to extend driverless service to Los Angeles is the most significant GOOGL-specific event, while X lab staff cuts and seeking outside funding suggest capital discipline, and the CEO pay bill is broad legislation with limited direct impact."
2024-01-22,GOOGL,gap,1,0,0,0,1,0,0,0,0,0,0,3,5,0,0,0,4,0,0,0,0,0,2,7,0,0,0,0,0,0,0,0,0,0,6,5,0,2,2,4,0,0,2,0,0,0,0,0,0,0,0,0,3,2,0,7,4,0,0,3,0,0,4,9,0,0,"Waymo applying to extend driverless service to Los Angeles is a clear, positive expansion milestone for Alphabet's autonomous vehicle business with regulatory approval still pending."
2024-01-24,GOOGL,cc,2,0,0,0,0,0,0,6,0,0,0,1,4,0,0,0,1,0,0,0,0,0,0,6,0,0,0,0,0,0,0,0,0,0,3,5,0,1,1,3,0,0,2,0,0,0,0,0,0,0,0,0,1,1,0,7,4,0,0,2,0,0,4,0,0,0,"Jefferies raising its price target to $170 with a reaffirmed buy rating is the most actionable signal, while the Singular Computing patent settlement removes a minor legal overhang."
2024-01-24,GOOGL,gap,1,0,0,0,0,0,0,8,0,0,0,0,5,0,0,0,1,0,0,0,0,0,0,7,1,0,0,0,0,0,0,0,0,0,3,6,0,1,2,3,0,0,2,0,0,0,0,0,0,0,0,0,0,1,0,8,5,0,0,2,0,0,5,0,0,0,"Jefferies reaffirming buy and raising price target to $170 is a clear bullish analyst signal with specific valuation data, scoring highest on analyst consensus."
2024-01-26,GOOGL,cc,1,0,0,0,0,0,0,0,0,0,0,0,1,0,0,0,1,0,0,0,0,0,0,2,0,0,0,0,0,0,0,0,0,0,1,2,0,0,5,1,0,0,1,0,0,0,0,0,0,0,0,0,0,6,0,5,2,0,0,0,2,0,1,0,0,0,"Almost entirely general market news roundups and broad Big Tech layoff coverage with negligible GOOGL-specific content, making this a low-signal day."
2024-01-26,GOOGL,gap,1,0,0,0,0,0,0,0,0,0,0,0,2,0,0,0,0,0,0,0,0,0,0,2,0,0,0,0,0,0,0,0,0,0,1,3,0,0,7,0,0,0,0,0,0,0,0,0,0,0,0,0,0,9,0,7,2,0,0,0,1,0,1,0,0,0,"All five articles are duplicate macro market roundups covering strong GDP, S&P 500 records, and pre-Fed inflation data with zero GOOGL-specific content."
2024-01-31,GOOGL,cc,1,0,0,0,5,0,0,2,0,0,0,3,9,0,0,4,3,0,0,0,0,2,0,4,9,0,0,5,0,0,4,0,0,0,6,8,0,3,5,8,0,0,5,0,0,0,0,0,0,0,0,0,0,4,1,3,6,0,0,5,4,0,6,0,0,2,"Q4 2023 earnings showed strong headline numbers (EPS +56%, margin expansion) but rising AI cost projections disappointed investors and sank Nasdaq futures, creating a conflicted signal where strong fundamentals clashed with concerns about AI investment burden."
2024-01-31,GOOGL,gap,2,0,0,0,6,0,0,3,0,0,0,4,9,0,0,3,3,0,0,0,0,3,0,4,10,0,0,7,0,0,5,0,0,0,5,9,0,3,5,8,0,0,5,0,0,0,0,0,0,0,0,0,0,4,0,4,6,0,0,5,3,0,6,0,0,0,"Alphabet Q4 earnings showed EPS up 56% and strong margins, but rising AI cost projections disappointed investors and sank Nasdaq futures over 1%, creating a mixed signal where strong results were overshadowed by an emerging AI-spending-concern narrative."
2024-02-01,GOOGL,cc,2,0,0,0,4,0,0,1,0,0,0,3,7,0,0,2,2,0,0,0,0,5,2,7,6,0,0,3,0,0,3,0,0,0,4,4,0,2,5,5,0,0,4,0,0,0,0,0,0,0,0,0,2,4,0,3,6,0,0,3,3,0,5,0,0,0,"Alphabet shares plunging over 7% on post-earnings AI cost disappointment dominates this day's sentiment, while Google signing its largest-ever offshore wind power purchase agreement provides a secondary positive infrastructure signal."
2024-02-01,GOOGL,gap,2,0,0,0,3,0,0,2,0,0,0,3,7,0,0,2,2,0,0,0,0,5,0,7,5,0,0,3,0,0,3,0,0,0,4,4,0,2,6,5,0,0,4,0,0,0,0,0,0,0,0,0,0,5,0,3,6,0,0,3,3,0,4,0,0,0,"Alphabet shares plunged 7% as markets digested AI earnings disappointment, while separately Google signed its largest-ever offshore wind PPA in the Netherlands, combining a clearly negative near-term catalyst with a long-term infrastructure positive."
2024-02-06,GOOGL,cc,1,0,0,0,0,0,0,0,0,0,0,1,4,0,0,0,0,0,0,0,0,0,2,6,1,0,0,0,0,0,0,0,0,0,2,5,0,2,1,4,0,0,1,0,0,0,0,0,0,0,0,0,4,2,0,3,4,0,0,3,1,7,1,0,0,0,"The $350 million Google Plus data breach settlement is a clearly negative but one-time financial event related to a defunct product, with limited forward-looking impact but significant user data privacy implications."
2024-02-07,GOOGL,cc,2,0,0,0,0,0,0,0,0,0,0,0,3,0,0,0,1,0,0,0,0,0,1,4,0,0,0,0,0,0,0,0,0,0,2,3,0,1,3,2,0,0,2,0,0,0,0,0,0,0,0,0,4,4,0,3,3,0,0,3,2,0,1,6,0,0,Waymo cyclist accident with state regulatory review is the primary GOOGL-specific event; Big Tech layoffs are sector-wide background noise with minor direct GOOGL relevance.
2024-02-07,GOOGL,gap,1,0,0,0,1,0,0,0,0,0,0,2,2,0,0,0,2,0,0,0,0,0,0,4,0,0,0,0,0,0,0,0,0,0,2,2,0,2,5,2,0,0,1,0,0,0,0,0,0,0,0,0,0,7,0,3,3,0,0,1,3,0,1,0,0,0,"Industry-wide Big Tech layoff trend continuation with no GOOGL-specific details, representing a known negative sector dynamic with low surprise and limited direct materiality."
2024-02-08,GOOGL,cc,2,0,0,0,2,0,0,0,0,0,0,0,1,0,0,0,1,0,0,0,0,0,5,2,0,0,0,0,0,0,1,0,0,0,3,3,0,0,4,1,0,0,1,0,0,0,0,0,0,0,0,0,3,7,0,5,2,0,0,1,1,1,1,0,0,0,"Both items are broad industry-level developments — EU election guidelines and US AI safety consortium — with no GOOGL-specific impact, scoring high on scope but low on materiality."
2024-02-08,GOOGL,gap,2,0,0,0,3,0,0,0,0,0,0,0,2,0,0,0,1,0,0,0,0,0,5,3,0,0,0,0,0,0,2,0,0,0,4,3,0,0,3,2,0,0,1,0,0,0,0,0,0,0,0,0,4,7,0,5,2,0,0,1,2,1,1,0,0,0,Two distinct industry-wide regulatory developments — EU election integrity guidelines for Big Tech platforms and a US AI safety consortium — neither GOOGL-specific but both shaping the compliance landscape Google operates in.
2024-02-09,GOOGL,cc,1,0,0,0,0,0,0,0,0,0,0,0,1,0,0,0,3,0,0,0,0,0,5,2,0,0,0,0,0,0,0,0,0,0,3,3,0,0,3,1,0,0,1,0,0,0,0,0,0,0,0,0,2,5,0,6,2,0,0,2,1,0,1,0,0,1,TikTok losing its EU gatekeeper challenge is a competitor-focused DMA ruling with marginal positive competitive implications for GOOGL but no direct operational impact.
2024-02-13,GOOGL,cc,1,0,0,0,0,0,0,0,0,0,0,0,2,0,0,0,1,0,0,0,0,0,4,3,0,0,0,0,0,0,0,0,0,0,3,3,0,0,3,1,0,0,1,0,0,0,0,0,0,0,0,0,3,5,0,6,2,0,0,2,1,2,1,0,0,2,"Federal judge blocking Ohio's children's social media law is mildly positive for Big Tech platforms including YouTube, but primarily targets Meta and TikTok with limited direct GOOGL materiality."
2024-02-13,GOOGL,gap,1,0,0,0,0,0,0,0,0,0,0,0,2,0,0,0,1,0,0,0,0,0,4,4,0,0,0,0,0,0,0,0,0,0,3,3,0,0,2,1,0,0,0,0,0,0,0,0,0,0,0,0,3,5,0,6,2,0,0,2,1,2,0,0,0,2,"Federal judge blocking Ohio's children's social media law is mildly positive for platforms including YouTube, but primarily targets Meta and TikTok with only tangential GOOGL relevance."
2024-02-14,GOOGL,cc,2,0,0,0,4,0,0,1,0,0,0,0,3,0,0,1,6,0,0,0,0,0,0,3,0,0,0,0,0,0,3,0,0,0,3,4,0,1,5,3,0,0,4,0,0,0,0,0,0,0,0,0,0,5,0,4,4,0,0,3,1,0,4,0,0,0,"Nvidia overtaking Alphabet as third-largest US company by market cap signals a competitive narrative shift in AI leadership, while the Paris AI hub is a modest positive; Match lawsuit is irrelevant."
2024-02-15,GOOGL,cc,1,0,0,0,0,0,0,0,0,0,0,0,3,0,0,0,1,0,0,0,0,0,1,4,0,0,0,0,0,0,0,0,0,0,2,5,0,2,1,2,0,0,2,0,0,0,0,0,0,0,0,0,4,1,0,3,3,0,0,2,0,0,1,7,0,0,"NHTSA-reported Waymo recall of 444 vehicles for software updates is a concrete negative with specific data, though the fix is already deployed, limiting duration of impact."
2024-02-15,GOOGL,gap,1,0,0,0,0,0,0,0,0,0,0,0,4,0,0,0,2,0,0,0,0,0,0,6,0,0,0,0,0,0,0,0,0,0,2,5,0,2,1,3,0,0,2,0,0,0,0,0,0,0,0,0,4,1,0,3,4,0,0,3,1,0,1,8,0,0,"Waymo recalled 444 vehicles over automated driving software issues with NHTSA involvement, a clearly negative but contained safety event since the software update was already deployed."
2024-02-16,GOOGL,cc,2,0,0,0,3,0,0,0,0,0,0,0,2,0,0,2,2,0,0,0,0,0,4,3,0,0,0,0,0,0,3,0,0,0,3,4,0,2,2,2,0,0,2,0,0,0,0,0,0,0,0,0,2,4,0,7,3,0,0,1,0,2,1,0,0,0,"Google's AI cybersecurity initiative and EU anti-misinformation campaign are proactive, positive moves showing responsible AI deployment, but neither is financially material."
2024-02-16,GOOGL,gap,2,0,0,0,3,0,0,0,0,0,0,1,2,0,0,1,2,0,0,0,0,0,4,4,0,0,0,0,0,0,4,0,0,0,3,4,0,3,2,2,0,0,1,0,0,0,0,0,0,0,0,0,2,3,0,7,3,0,0,1,1,2,1,0,0,0,"Google launched an AI Cyber Defense Initiative and an EU anti-misinformation campaign — both proactive, positive-sentiment moves that bolster Google's governance image but have limited near-term financial materiality."
2024-02-20,GOOGL,cc,1,0,0,0,2,0,0,0,0,0,0,0,1,0,0,0,1,0,0,0,0,0,3,2,0,0,0,0,0,0,1,0,0,0,4,2,0,0,3,1,0,0,1,0,0,0,0,0,0,0,0,0,3,8,0,5,2,0,0,1,1,1,1,0,0,0,US House bipartisan AI task force is a broad national policy signal with potential long-term regulatory implications for AI companies but no immediate GOOGL-specific impact.
2024-02-20,GOOGL,gap,1,0,0,0,3,0,0,0,0,0,0,0,1,0,0,0,1,0,0,0,0,0,3,2,0,0,0,0,0,0,2,0,0,0,3,2,0,0,3,1,0,0,0,0,0,0,0,0,0,0,0,0,3,8,0,5,2,0,0,1,2,1,1,0,0,0,US House bipartisan AI task force formation is a broad policy signal affecting the entire AI industry with no immediate legislative teeth and no GOOGL-specific implications.
2024-02-21,GOOGL,cc,2,0,0,0,0,0,0,0,0,0,0,1,5,0,0,0,2,0,0,0,0,0,3,6,0,0,0,0,0,0,0,0,0,0,4,5,0,2,2,3,0,0,3,0,0,0,0,0,0,0,0,0,6,2,0,3,4,0,0,4,1,0,3,8,0,0,"California regulator suspending Waymo's LA and SF peninsula expansion until June 19 is a clear, directionally negative regulatory action that delays Waymo's growth trajectory."
2024-02-21,GOOGL,gap,1,0,0,0,0,0,0,0,0,0,0,0,1,0,0,0,1,0,0,0,0,0,5,2,0,0,0,0,0,0,0,0,0,0,3,2,0,0,2,1,0,0,0,0,0,0,0,0,0,0,0,0,3,7,0,4,1,0,0,1,2,0,1,0,0,0,EU Commission exploring centralized spectrum management and extending telecom rules to Big Tech is an early-stage regulatory proposal with broad sector scope but no immediate or concrete impact on GOOGL.
2024-02-22,GOOGL,cc,1,0,0,0,3,0,0,1,0,0,0,0,6,0,0,0,5,0,0,0,0,0,1,6,0,0,0,0,0,0,9,0,0,0,3,3,0,4,3,4,0,0,5,0,0,0,0,0,0,0,0,0,1,2,0,2,5,0,0,5,1,2,3,0,0,0,"Google pausing Gemini's image generation of people is a high-profile product quality admission that fuels the narrative that Google is behind OpenAI in AI execution, directly impacting Gemini credibility."
2024-02-22,GOOGL,gap,1,0,0,0,2,0,0,1,0,0,0,0,6,0,0,0,4,0,0,0,0,0,1,6,0,0,0,0,0,0,8,0,0,0,3,3,0,4,3,4,0,0,5,0,0,0,0,0,0,0,0,0,2,2,0,3,5,0,0,6,1,1,3,0,0,0,Pausing Gemini image generation due to bias is a notable product embarrassment that questions Google's AI execution but is likely short-lived and not directly revenue-impacting.
2024-02-28,GOOGL,cc,2,0,0,0,2,0,0,0,0,0,0,0,5,0,0,0,3,0,0,0,0,0,5,5,0,0,0,0,0,0,7,0,0,0,5,4,0,4,2,5,0,0,4,0,0,0,0,0,0,0,0,0,6,4,6,3,5,0,0,4,2,0,3,0,0,0,"EUR2.1B European media lawsuit targeting Google's ad dominance and CEO Pichai publicly acknowledging 'unacceptable' Gemini AI bias responses are both materially negative, with the Gemini controversy directly threatening the AI product narrative."
2024-02-28,GOOGL,gap,1,0,0,0,2,0,0,2,0,0,0,0,6,0,0,1,5,0,0,0,0,0,1,6,0,0,0,0,0,0,9,0,0,0,4,4,0,5,3,5,0,0,6,0,0,0,0,0,0,0,0,0,2,2,0,3,6,0,0,5,1,1,4,0,0,0,CEO Pichai calling Gemini responses 'unacceptable' escalates the AI misstep to a management credibility issue and deepens the narrative that Google is behind in the AI race.
2024-02-29,GOOGL,cc,2,0,0,0,0,0,0,0,0,0,0,0,3,0,0,0,2,0,0,0,0,0,5,4,0,0,0,0,0,0,0,0,0,0,3,3,0,0,5,3,0,0,2,0,0,0,0,0,0,0,0,0,6,5,7,3,3,0,0,2,2,0,2,0,0,0,"Canada's antitrust watchdog expanding its four-year Google ad practices probe is incrementally negative on the regulatory front but unsurprising, while the broader tech sector stumble on AI rally fatigue adds mild market-level headwind."
2024-02-29,GOOGL,gap,1,0,0,0,2,0,0,2,0,0,0,0,3,0,0,1,1,0,0,0,0,0,0,4,0,0,0,0,0,0,2,0,0,0,2,2,0,0,7,1,0,0,2,0,0,0,0,0,0,0,0,0,0,8,0,3,3,0,0,2,2,0,2,0,0,0,"Generic sector-wide tech selloff with AI rally stalling; no GOOGL-specific content, purely broad market sentiment driving the day."
2024-03-05,GOOGL,cc,3,0,0,0,0,0,0,0,0,0,0,0,4,0,0,0,5,0,0,0,0,0,7,4,0,0,0,0,0,0,0,0,0,0,4,4,0,1,3,4,0,0,2,0,0,0,0,0,0,0,0,0,5,5,2,5,4,0,0,3,2,0,3,0,0,3,"India app store dispute requiring Google to restore deleted apps under antitrust pressure is the primary GOOGL-specific event, offset by a favorable cobalt mining labor case ruling and potential TikTok ban legislation that would benefit YouTube."
2024-03-05,GOOGL,gap,1,0,0,0,0,0,0,0,0,0,0,0,4,0,0,0,3,0,0,0,0,0,7,5,0,0,0,0,0,0,0,0,0,0,4,5,0,2,2,4,0,0,2,0,0,0,0,0,0,0,0,0,6,3,3,4,4,0,0,3,2,0,2,0,0,0,"Two articles cover the same India app store dispute — Google agrees to restore deleted apps but faces ongoing antitrust pressure from Indian startups, a regulatory risk in a key growth market."
2024-03-06,GOOGL,cc,1,0,0,0,6,0,0,0,0,0,0,0,4,0,0,0,5,0,0,0,0,0,0,5,0,0,0,0,0,0,3,0,0,0,4,5,0,3,3,4,0,0,3,0,0,0,0,0,0,0,0,0,4,4,0,3,5,0,0,5,3,0,2,0,0,0,Former Google engineer indicted for stealing AI trade secrets to aid Chinese companies is a notable security and IP breach that raises questions about internal safeguards and has US-China tech competition implications.
2024-03-07,GOOGL,cc,1,0,0,0,0,0,0,3,0,0,0,0,2,0,0,1,1,0,0,0,0,0,0,2,1,0,0,0,0,0,0,0,0,0,1,3,0,2,2,2,0,0,1,0,0,0,0,0,0,0,0,0,0,1,0,5,2,0,0,1,0,0,2,0,0,0,Only GOOGL-relevant item is CBO Philipp Schindler's transcript from the Morgan Stanley TMT conference — a routine investor engagement event with no material announcements evident from the summary.
2024-03-07,GOOGL,gap,1,0,0,0,1,0,0,3,0,0,0,1,2,0,0,2,1,0,0,0,0,0,0,2,1,0,0,0,0,0,1,0,0,0,2,4,0,2,2,2,0,0,1,0,0,0,0,0,0,0,0,0,0,2,0,5,3,0,0,1,0,0,2,0,0,0,Only GOOGL-relevant item is a CBO conference transcript at Morgan Stanley — routine investor relations event with no material announcements; remaining articles are general market news roundups.
2024-03-11,GOOGL,cc,1,0,0,0,5,0,0,0,0,0,0,1,1,0,0,0,4,0,0,0,0,0,0,3,0,0,0,0,0,0,2,0,0,0,5,3,0,1,3,2,0,0,1,0,0,0,0,0,0,0,0,0,0,5,0,4,2,0,0,1,1,0,2,0,0,0,"European AI talent war with Google DeepMind specifically named as facing pay-up-or-lose-out pressure is a structural cost headwind but not a discrete catalyst, representing an ongoing industry dynamic rather than a breaking event."
2024-03-11,GOOGL,gap,2,0,0,0,5,0,0,0,0,0,0,1,1,0,0,1,4,0,0,0,0,0,0,3,0,0,0,0,0,0,3,0,0,0,4,3,0,1,3,2,0,0,2,0,0,0,0,0,0,0,0,0,0,5,0,4,3,0,0,2,1,0,2,0,0,0,"European AI talent war specifically names Google DeepMind as facing retention pressure from startup competition, a structural cost headwind for AI ambitions but not an immediate catalyst."
2024-03-12,GOOGL,cc,0,0,0,0,0,0,0,0,0,0,0,0,0,0,0,0,0,0,0,0,0,0,0,0,0,0,0,0,0,0,0,0,0,0,0,1,0,0,1,0,0,0,0,0,0,0,0,0,0,0,0,0,0,1,0,5,0,0,0,0,0,0,0,0,0,0,The only article is about a small adtech company's acquisition that merely references the broad adtech market size — no GOOGL-specific news whatsoever.
2024-03-12,GOOGL,gap,1,0,0,0,0,0,0,0,0,0,0,0,0,0,0,0,1,0,0,0,0,0,0,1,0,0,0,0,0,0,0,0,0,0,1,2,0,0,2,0,0,0,0,0,0,0,0,0,0,0,0,0,0,3,0,5,1,0,0,0,0,0,0,0,0,0,Micro-cap adtech company acquisition has essentially zero relevance to GOOGL — no competitive or strategic implications at this scale.
2024-03-13,GOOGL,cc,3,0,0,0,0,0,0,0,0,0,0,1,7,0,0,0,6,0,0,0,0,0,4,6,0,0,0,0,0,0,0,0,0,0,6,5,0,3,3,5,0,0,4,0,0,0,0,0,0,0,0,0,3,5,1,7,5,0,0,4,1,0,5,8,0,4,"Waymo launching fully autonomous public ride-hailing in LA starting March 14 is a major commercialization milestone validating Alphabet's autonomous vehicle investment, reinforced by TikTok House vote momentum benefiting YouTube and Equinix poaching a Google exec as CEO."
2024-03-13,GOOGL,gap,3,0,0,0,0,0,0,1,0,0,0,0,4,0,0,0,5,0,0,0,0,1,3,3,0,0,0,0,0,0,0,0,0,0,4,3,0,2,4,3,0,0,2,0,0,0,0,0,0,0,0,0,2,6,0,6,4,0,0,3,2,0,3,0,0,4,TikTok divestiture bill is the most material event — a potential ban would meaningfully benefit YouTube's competitive position — while Equinix hiring a Google exec is a minor talent loss.
2024-03-14,GOOGL,cc,1,0,0,0,0,0,0,0,0,0,0,0,4,0,0,0,6,0,0,0,0,0,5,5,0,0,0,0,0,0,0,0,0,0,5,4,0,0,3,3,0,0,2,0,0,0,0,0,0,0,0,0,2,6,1,6,4,0,0,3,2,0,3,0,0,5,"House overwhelmingly passing the TikTok divestiture bill is a meaningful competitive positive for YouTube/Google, though Senate passage remains uncertain and the Bitcoin market cap comparison article is irrelevant noise."
2024-03-14,GOOGL,gap,1,0,0,0,0,0,0,0,0,0,0,0,1,0,0,0,0,0,0,0,0,0,0,1,0,0,0,0,0,0,0,0,0,0,1,1,0,0,3,0,0,0,1,0,0,0,0,0,0,0,0,0,0,7,0,5,1,0,0,1,1,0,0,0,0,0,"Bitcoin market cap surpassing Alphabet is a trivia comparison with no operational, strategic, or financial implications for GOOGL."
2024-03-15,GOOGL,cc,1,0,0,0,0,0,0,0,0,0,0,0,4,0,0,0,2,0,0,0,0,0,8,5,0,0,0,0,0,0,0,0,0,0,4,4,0,1,2,4,0,0,2,0,0,0,0,0,0,0,0,0,7,3,3,3,4,0,0,3,2,0,2,0,0,0,"India's antitrust body formally ordering a probe into Google's in-app billing practices escalates a regional regulatory dispute into a structured investigation, reinforcing the global pattern of platform regulation pressure on Alphabet."
2024-03-15,GOOGL,gap,2,0,0,0,0,0,0,1,0,0,0,0,4,0,0,0,3,0,0,0,0,0,7,5,0,0,0,0,0,0,0,0,0,0,5,5,0,2,2,4,0,0,2,0,0,0,0,0,0,0,0,0,7,3,4,3,4,0,0,3,2,0,2,0,0,0,"India's antitrust body formally ordering a probe into Google's in-app billing practices escalates regulatory risk in a major growth market, moving from dispute to formal investigation."
2024-03-18,GOOGL,cc,2,0,0,0,7,0,0,1,0,0,0,1,6,0,0,2,8,0,0,0,0,0,1,5,0,0,0,0,0,0,9,0,0,0,7,4,0,2,5,7,0,0,7,0,0,0,0,0,0,0,0,0,2,6,2,8,7,0,0,7,1,0,7,0,0,0,"Dominant event is Bloomberg report that Apple is in talks to license Google's Gemini AI for iPhones — a potentially transformative distribution deal that validates Google's AI leadership and sent shares soaring, while the Malaysia ringgit misquote is trivial noise."
2024-03-18,GOOGL,gap,2,0,0,0,7,0,0,0,0,0,0,1,7,0,0,2,8,0,0,0,0,0,0,5,0,0,0,0,0,0,9,0,0,0,8,4,0,1,5,7,0,0,8,0,0,0,0,0,0,0,0,0,2,6,1,8,8,0,0,8,1,0,7,0,0,0,"Apple-Google Gemini licensing talks dominate as a highly surprising, narrative-shifting signal that validates Google's AI leadership and could massively expand Gemini's distribution; the ringgit misquote is trivial noise."
2024-03-19,GOOGL,cc,1,0,0,0,2,0,0,0,0,0,0,0,3,0,0,0,1,0,0,0,0,0,0,3,0,0,0,0,0,0,2,0,0,0,2,2,0,0,7,1,0,0,1,0,0,0,0,0,0,0,0,0,0,8,0,7,3,0,0,1,1,0,2,0,0,0,"No GOOGL-specific news — all articles describe a broad market rally led by megacap growth stocks on AI enthusiasm ahead of the Fed meeting, making this purely a market/sector sentiment day with no company-specific catalyst."
2024-03-19,GOOGL,gap,1,0,0,0,2,0,0,0,0,0,0,0,3,0,0,0,1,0,0,0,0,0,0,3,0,0,0,0,0,0,2,0,0,0,2,2,0,0,7,1,0,0,1,0,0,0,0,0,0,0,0,0,0,7,0,7,3,0,0,1,1,0,2,0,0,0,Generic market wrap mentioning Alphabet in passing as part of a broad AI-enthusiasm-driven rally ahead of the Fed meeting — no GOOGL-specific news.
2024-03-20,GOOGL,cc,1,0,0,0,0,0,0,0,0,0,0,0,6,0,0,0,2,0,0,0,0,0,8,7,0,0,0,0,0,0,1,0,0,0,5,7,0,3,3,5,0,0,3,0,0,0,0,0,0,0,0,0,8,5,6,3,5,0,0,4,3,1,2,0,0,0,"France's competition authority fined Google €250 million for breaching commitments on news publisher licensing — a concrete regulatory penalty with specific figures that reinforces the ongoing digital platform regulation narrative, though the amount is modest relative to Alphabet's scale."
2024-03-20,GOOGL,gap,1,0,0,0,1,0,0,0,0,0,0,0,7,0,0,0,2,0,0,0,0,0,8,8,0,0,0,0,0,0,1,0,0,0,5,7,0,3,3,5,0,0,3,0,0,0,0,0,0,0,0,0,8,4,5,2,6,0,0,4,3,1,2,0,0,0,"France's €250M fine for breaching news publisher licensing commitments is a definitive regulatory penalty with clear negative direction, though the amount is modest relative to Alphabet's scale and reinforces rather than shifts the existing regulatory pressure narrative."
2024-03-21,GOOGL,cc,1,0,0,0,0,0,0,0,0,0,0,0,2,0,0,0,1,0,0,0,0,0,0,2,0,0,0,0,0,0,0,0,0,0,1,3,0,0,4,1,0,0,1,0,0,0,0,0,0,0,0,0,0,5,0,6,2,0,0,1,0,0,1,0,0,0,Reddit's IPO pricing is a tech sector event with no direct GOOGL relevance — it signals healthy tech IPO appetite but contains no Alphabet-specific information or catalyst.
2024-03-21,GOOGL,gap,1,0,0,0,0,0,0,0,0,0,0,0,2,0,0,0,1,0,0,0,0,0,0,2,0,0,0,0,0,0,0,0,0,0,1,3,0,0,4,1,0,0,1,0,0,0,0,0,0,0,0,0,0,5,0,6,2,0,0,1,1,0,1,0,0,0,Reddit IPO pricing is a tech sector sentiment indicator but has no direct bearing on GOOGL's business fundamentals or operations.
2024-03-22,GOOGL,cc,1,0,0,0,2,0,0,7,0,0,0,0,5,0,0,0,2,0,0,0,0,0,1,7,0,0,0,0,0,0,2,0,0,0,3,4,0,1,3,3,0,0,3,0,0,0,0,0,0,0,0,0,1,3,0,8,5,0,0,2,0,0,5,0,0,0,"Wedbush analysts issued favorable commentary driving Alphabet to all-time highs — a clear positive analyst signal but without hard financial data or structural news, making it a sentiment-driven catalyst rather than a fundamental one."
2024-03-22,GOOGL,gap,1,0,0,0,0,0,0,0,0,0,0,0,0,0,0,0,0,0,0,0,0,0,3,1,0,0,0,0,0,0,0,0,0,0,2,2,0,0,2,0,0,0,0,0,0,0,0,0,0,0,0,0,2,5,0,5,1,0,0,1,1,0,0,0,0,0,Italian regulator's AI staffing struggles are background color on global regulatory capacity with essentially zero direct impact on GOOGL.
2024-03-25,GOOGL,cc,2,0,0,0,0,0,0,2,0,0,0,0,5,0,0,0,3,0,0,0,0,0,9,5,0,0,0,0,0,0,0,0,0,0,7,5,0,2,4,6,0,0,4,0,0,0,0,0,0,0,0,0,9,7,5,4,5,0,0,4,4,2,3,0,0,0,"The EU opened its first formal DMA non-compliance investigations into Alphabet, Apple, and Meta — a landmark regulatory escalation that could force structural changes to Google's search and app store practices, partially offset by Pershing Square's positive portfolio mention."
2024-03-25,GOOGL,gap,2,0,0,0,0,0,0,1,0,0,0,0,6,0,0,0,3,0,0,0,0,0,9,6,0,0,0,0,0,0,0,0,0,0,7,6,0,2,5,6,0,0,4,0,0,0,0,0,0,0,0,0,9,7,6,3,5,0,0,4,5,2,3,0,0,0,"EU opening the first-ever DMA non-compliance investigations into Alphabet, Apple, and Meta is a landmark regulatory milestone with long-term structural implications for Google's search and app store practices; Pershing Square NAV mention is minor positive background."
2024-03-26,GOOGL,cc,1,0,0,0,2,0,0,0,0,0,0,0,1,0,0,3,1,0,0,0,0,0,0,4,0,0,0,0,0,0,3,0,0,0,2,3,0,0,1,1,0,0,0,0,0,0,0,0,0,0,0,0,0,1,0,6,2,0,0,1,0,0,1,0,0,0,A minor partnership announcement between small cybersecurity firm Smarttech247 and Google for AI-powered technology — negligible in scale and impact relative to Alphabet's overall business.
2024-03-26,GOOGL,gap,1,0,0,0,1,0,0,0,0,0,0,0,1,0,0,3,1,0,0,0,0,0,0,3,0,0,0,0,0,0,1,0,0,0,1,3,0,0,1,1,0,0,0,0,0,0,0,0,0,0,0,0,0,1,0,6,1,0,0,0,0,0,0,0,0,0,Smarttech247's AI-powered cybersecurity partnership with Google is a minor enterprise deal with negligible impact on Alphabet's financials or narrative.
2024-04-02,GOOGL,cc,2,0,0,0,1,0,0,0,0,0,0,0,5,0,0,0,2,0,0,0,0,0,3,6,0,0,0,0,0,0,1,0,0,0,5,4,0,3,3,5,0,0,3,0,0,0,0,0,0,0,0,0,6,5,2,4,5,0,0,4,3,8,2,0,0,0,"Google agreed to destroy billions of browsing data records to settle a major privacy lawsuit alleging secret tracking of users in private browsing mode — a significant privacy event with precedent-setting data destruction requirements, while the UK-US AI safety pact is sector-wide background."
2024-04-02,GOOGL,gap,2,0,0,0,1,0,0,0,0,0,0,0,5,0,0,0,1,0,0,0,0,0,3,6,0,0,0,0,0,0,0,0,0,0,5,5,0,3,3,4,0,0,3,0,0,0,0,0,0,0,0,0,5,4,1,3,4,0,0,3,3,8,2,0,0,0,Google's agreement to destroy billions of browsing data records in a privacy settlement is the material event — a clear negative with credibility implications for secretly tracking users who believed they were browsing privately.
2024-04-04,GOOGL,cc,2,0,0,0,2,0,0,2,0,0,0,8,7,0,0,6,7,0,0,0,0,0,2,5,0,0,0,0,0,0,1,0,0,0,7,5,0,3,4,8,0,0,6,0,0,0,0,0,0,0,0,0,4,5,2,7,7,0,0,7,2,0,6,0,0,0,"Alphabet exploring a potential bid for HubSpot (~$32B market value) is a high-materiality M&A signal that would represent one of Google's largest-ever acquisitions, signaling a major strategic push into enterprise marketing software and significantly shifting the capital allocation and competitive narrative."
2024-04-08,GOOGL,cc,2,0,0,0,3,0,0,0,0,0,0,0,3,0,0,0,3,0,0,0,0,0,5,3,0,0,0,0,0,0,1,0,0,0,5,4,0,0,4,3,0,0,2,0,0,0,0,0,0,0,0,0,5,8,1,4,3,0,0,3,3,6,2,0,0,0,"Bipartisan US data privacy legislation would restrict tech companies' data collection and is broadly relevant to Google's ad-targeting model, while xAI's $3B raise signals intensifying AI competition — both are indirect, sector-wide developments rather than GOOGL-specific catalysts."
2024-04-08,GOOGL,gap,2,0,0,0,3,0,0,0,0,0,0,0,2,0,0,0,3,0,0,0,0,0,5,3,0,0,0,0,0,0,0,0,0,0,4,4,0,0,4,2,0,0,1,0,0,0,0,0,0,0,0,0,4,7,1,4,2,0,0,3,3,6,2,0,0,0,"Draft bipartisan US data privacy legislation restricting tech company data collection is a long-term risk for Google's ad model, while xAI's $3B raise signals competitive AI landscape intensification — neither is immediately actionable."
2024-04-09,GOOGL,cc,2,0,0,0,6,0,0,0,0,0,0,3,4,0,0,4,6,0,0,0,0,7,0,5,0,0,0,0,0,0,7,0,0,0,6,5,0,2,3,5,0,0,3,0,0,0,0,0,0,0,0,0,0,4,0,7,5,0,0,4,0,0,4,0,0,0,"Google unveiled its custom Axion ARM-based data center processor and next-gen AI chip, a significant competitive move in the custom silicon arms race that reinforces its AI infrastructure narrative."
2024-04-09,GOOGL,gap,1,0,0,0,5,0,0,0,0,0,0,4,6,0,0,5,6,0,0,0,0,7,0,7,0,0,0,0,0,0,6,0,0,0,7,6,0,2,3,6,0,0,4,0,0,0,0,0,0,0,0,0,0,3,0,8,6,0,0,4,0,0,5,0,0,0,"Google unveiling both a new Arm-based data center CPU and updated AI chip is a clearly positive, material infrastructure announcement that strengthens its competitive position in custom silicon against AWS Graviton and Azure Cobalt."
2024-04-10,GOOGL,cc,3,0,0,0,3,0,0,0,0,0,0,1,3,0,0,7,3,0,0,0,0,0,3,5,0,0,0,0,0,0,3,0,0,0,4,4,0,1,3,4,0,0,2,0,0,0,0,0,0,0,0,0,3,3,0,6,5,0,0,2,0,0,3,0,0,0,"Two Google Cloud enterprise AI partnerships (Bayer radiology, Accenture/Best Buy generative AI) highlight cloud growth momentum, offset slightly by a rejected Russian court appeal on a relatively immaterial $50M fine."
2024-04-10,GOOGL,gap,2,0,0,0,4,0,0,0,0,0,0,2,3,0,0,1,4,0,0,0,0,3,2,5,0,0,0,0,0,0,5,0,0,0,5,3,0,1,3,3,0,0,3,0,0,0,0,0,0,0,0,0,3,3,0,7,5,0,0,4,1,0,3,0,0,1,"Custom semiconductor development signals long-term AI/infrastructure strategy driving shares to ATH, while the $50M Russian fine is financially immaterial for Alphabet."
2024-04-11,GOOGL,cc,2,0,0,0,2,0,0,0,0,0,0,4,2,0,0,3,2,0,0,0,0,7,0,5,1,0,0,0,0,0,0,0,0,0,6,4,0,1,1,3,0,0,1,0,0,0,0,0,0,0,0,0,0,3,0,6,4,0,0,2,0,0,3,0,0,0,"Google's ~$1B US-Japan submarine cable investment is a meaningful infrastructure commitment supporting long-term cloud and AI capacity, while the Q1 earnings call date announcement is routine."
2024-04-11,GOOGL,gap,2,0,0,0,1,0,0,0,0,0,0,4,2,0,0,2,2,0,0,0,0,7,0,4,1,0,0,0,0,0,0,0,0,0,5,4,0,1,1,3,0,0,1,0,0,0,0,0,0,0,0,0,0,3,0,6,3,0,0,2,0,0,2,0,0,0,The ~$1B US-Japan submarine cable investment is a routine but meaningful infrastructure commitment supporting cloud/AI capacity; earnings date announcement is procedural.
2024-04-15,GOOGL,cc,1,0,0,0,0,0,0,0,0,0,0,0,1,0,0,0,2,0,0,0,0,0,4,2,0,0,0,0,0,0,0,0,0,0,2,2,0,0,3,1,0,0,0,0,0,0,0,0,0,0,0,0,2,5,0,5,2,0,0,1,1,0,1,0,0,0,Temu facing the same EU content rules already applied to Google is tangential — it levels the regulatory playing field for a competitor but introduces no new obligation or risk for Alphabet.
2024-04-15,GOOGL,gap,1,0,0,0,0,0,0,0,0,0,0,0,1,0,0,0,2,0,0,0,0,0,4,2,0,0,0,0,0,0,0,0,0,0,1,2,0,0,2,1,0,0,0,0,0,0,0,0,0,0,0,0,2,5,0,6,1,0,0,1,1,0,0,0,0,0,Temu facing EU content rules Google already complies with is tangentially relevant — slightly positive competitively but near-zero direct impact on GOOGL.
2024-04-19,GOOGL,cc,1,0,0,0,0,0,0,7,0,0,0,0,3,0,0,0,0,0,0,0,0,0,0,6,1,0,0,0,0,0,0,0,0,0,3,4,0,0,1,2,0,0,1,0,0,0,0,0,0,0,0,0,0,1,0,7,4,0,0,1,0,0,4,0,0,0,"Jefferies reaffirms buy and nudges price target up to $180, a routine analyst signal ahead of Q1 earnings that reflects continued bullish consensus without introducing new information."
2024-04-19,GOOGL,gap,1,0,0,0,0,0,0,6,0,0,0,0,3,0,0,0,0,0,0,0,0,0,0,6,2,0,0,0,0,0,0,0,0,0,3,4,0,0,1,2,0,0,1,0,0,0,0,0,0,0,0,0,0,1,0,7,4,0,0,2,0,0,3,0,0,0,Jefferies reaffirming buy and raising price target to $180 is a clear positive analyst signal but a routine pre-earnings adjustment with limited surprise value.
2024-04-22,GOOGL,cc,2,0,0,0,0,0,0,0,0,0,0,0,3,0,0,0,5,0,0,0,0,0,3,4,0,0,0,0,0,0,0,0,0,0,5,3,0,0,4,2,0,0,2,0,0,0,0,0,0,0,0,0,1,6,0,6,4,0,0,3,1,0,3,0,0,4,"House passage of the TikTok divestiture bill is a notable competitive positive for YouTube if enacted, while market recovery from Middle East tensions provides a broadly supportive backdrop heading into mega-cap earnings week."
2024-04-22,GOOGL,gap,1,0,0,0,0,0,0,0,0,0,0,0,2,0,0,0,0,0,0,0,0,0,0,3,0,0,0,0,0,0,0,0,0,0,2,2,0,0,6,0,0,0,0,0,0,0,0,0,0,0,0,0,0,8,0,6,2,0,0,1,3,0,0,0,0,0,Broad market recovery on easing Mideast tensions is macro-driven with no GOOGL-specific content; scores reflect pure market sentiment context ahead of earnings week.
2024-04-23,GOOGL,cc,1,0,0,0,0,0,0,0,0,0,0,0,2,0,0,0,0,0,0,0,0,0,0,3,1,0,0,0,0,0,0,0,0,0,1,1,0,0,5,0,0,0,0,0,0,0,0,0,0,0,0,0,0,7,0,6,2,0,0,0,1,0,1,0,0,0,Generic market sentiment article about Asian shares extending gains ahead of US tech earnings contains no GOOGL-specific information whatsoever.
2024-04-23,GOOGL,gap,1,0,0,0,0,0,0,0,0,0,0,0,3,0,0,0,0,0,0,0,0,0,0,3,1,0,0,0,0,0,0,0,0,0,1,1,0,0,6,0,0,0,0,0,0,0,0,0,0,0,0,0,0,8,0,6,2,0,0,0,1,0,0,0,0,0,Generic global equity rally ahead of US tech earnings is purely market-wide sentiment with no GOOGL-specific information content.
2024-04-25,GOOGL,cc,2,0,0,0,2,0,0,0,0,0,0,0,6,0,0,0,4,0,0,0,0,1,0,6,2,0,0,0,0,0,1,0,0,0,3,4,0,0,8,2,0,0,3,0,0,0,0,0,0,0,0,0,0,7,0,3,5,0,0,3,4,0,3,0,0,0,"Meta's disappointing AI spending guidance and weaker-than-expected GDP data drove a broad tech selloff that dragged GOOGL down ahead of its own after-hours earnings report, making this primarily a sector contagion and macro event."
2024-04-26,GOOGL,cc,3,0,0,0,3,0,0,2,0,0,0,9,10,0,0,3,5,0,0,0,0,2,2,9,10,0,0,9,0,0,2,0,0,0,8,10,0,6,5,10,0,0,7,0,0,0,0,0,0,0,0,0,4,5,5,9,9,0,0,8,1,0,8,0,0,2,"Alphabet's Q1 earnings blowout (EPS +61%), inaugural $0.20/share dividend, and $70B buyback announcement reclaimed $2T market cap and fundamentally shifted the capital return narrative, while Google's ad tech summary judgment motion added a secondary antitrust development."
2024-04-26,GOOGL,gap,3,0,0,0,4,0,0,3,0,0,0,8,10,0,0,4,4,0,0,0,0,2,0,9,10,0,0,9,0,0,3,0,0,0,8,10,0,6,5,10,0,0,7,0,0,0,0,0,0,0,0,0,0,4,0,10,9,0,0,8,2,0,8,0,0,2,"Q1 2024 earnings blowout with 61% EPS growth to $1.89, 7-point margin expansion to 32%, and Alphabet's first-ever dividend ($0.20/share) fundamentally shift the narrative from pure-growth to disciplined capital returner while validating AI investment payoff."
2024-04-29,GOOGL,cc,2,0,0,0,4,0,0,1,0,0,0,5,3,0,0,3,3,0,0,0,0,8,0,6,3,0,0,0,0,0,2,0,0,0,6,4,0,3,4,4,0,0,2,0,0,0,0,0,0,0,0,0,0,3,0,7,5,0,0,2,0,0,4,0,0,0,"Google's $3B data center investment in Indiana and Virginia underscores continued aggressive AI infrastructure buildout, extending positive post-earnings momentum as the stock consolidates near all-time highs."
2024-04-29,GOOGL,gap,2,0,0,0,3,0,0,1,0,0,0,6,4,0,0,3,2,0,0,0,0,7,0,6,4,0,0,0,0,0,1,0,0,0,6,5,0,3,4,4,0,0,2,0,0,0,0,0,0,0,0,0,0,3,0,7,5,0,0,2,1,0,3,0,0,0,Post-earnings momentum continues with $3B data center investment in Indiana/Virginia reinforcing the AI infrastructure buildout narrative alongside sustained positive sentiment from Q1 results.
2024-05-02,GOOGL,cc,1,0,0,0,1,0,0,1,0,0,0,2,4,0,0,1,2,0,0,0,0,0,0,5,0,0,0,0,0,0,2,0,0,0,4,5,0,3,2,5,0,0,3,0,0,0,0,0,0,0,0,0,0,1,0,3,5,0,0,5,1,0,3,0,0,0,Laying off at least 200 employees from Core teams — the technical backbone of flagship products — is a meaningful restructuring signal that is moderately negative for sentiment but could be seen as efficiency-positive for margins.
2024-05-03,GOOGL,cc,2,0,0,0,0,0,0,1,0,0,0,0,3,0,0,0,4,0,0,0,0,0,2,3,0,0,0,0,0,0,0,0,0,0,8,4,0,1,4,6,0,0,3,0,0,0,0,0,0,0,0,0,8,4,9,4,5,0,0,2,2,0,3,0,0,0,"DOJ search advertising antitrust trial winding down is the dominant GOOGL-specific event with structural long-term risk, while broad equity fund outflows add mild negative market context."
2024-05-03,GOOGL,gap,1,0,0,0,0,0,0,0,0,0,0,0,2,0,0,0,0,0,0,0,0,0,0,3,0,0,0,0,0,0,0,0,0,0,2,3,0,0,5,0,0,0,0,0,0,0,0,0,0,0,0,0,0,9,0,3,2,0,0,1,2,0,0,0,0,0,Five consecutive weeks of US equity fund outflows reflect broad risk-off sentiment ahead of the Fed decision with no GOOGL-specific information.
2024-05-07,GOOGL,cc,1,0,0,0,0,0,0,0,0,0,0,0,2,0,0,0,5,0,0,0,0,0,4,3,0,0,0,0,0,0,0,0,0,0,5,4,0,0,3,2,0,0,1,0,0,0,0,0,0,0,0,0,2,5,0,6,3,0,0,2,2,1,2,0,0,4,"TikTok's lawsuit to block the US divestiture law is only indirectly relevant to GOOGL, but a potential TikTok ban/disruption would meaningfully benefit YouTube's competitive position in short-form video."
2024-05-08,GOOGL,cc,2,0,0,0,5,0,0,1,0,0,0,1,4,0,0,1,4,0,0,0,0,0,2,5,0,0,0,0,0,0,7,0,0,0,6,6,0,2,4,5,0,0,3,0,0,0,0,0,0,0,0,0,3,5,0,7,6,0,0,4,2,0,4,0,0,0,"AlphaFold 3 unveiling is a significant AI leadership demonstration for Google DeepMind, while Biden's proposed AI export curbs to China/Russia create a broader sector backdrop that could benefit US-based AI leaders like Google."
2024-05-09,GOOGL,cc,1,0,0,0,0,0,0,0,0,0,0,0,3,0,0,0,3,0,0,0,0,0,4,5,0,0,0,0,0,0,0,0,0,0,4,4,0,0,2,3,0,0,1,0,0,0,0,0,0,0,0,0,3,3,0,6,3,0,0,2,1,0,2,0,0,0,"India delaying digital payments market-share caps is a modest positive for Google Pay's growth runway in a high-potential market, but is a relatively minor event for GOOGL's overall business."
2024-05-09,GOOGL,gap,1,0,0,0,0,0,0,0,0,0,0,0,2,0,0,0,3,0,0,0,0,0,4,5,0,0,0,0,0,0,0,0,0,0,3,4,0,0,1,2,0,0,0,0,0,0,0,0,0,0,0,0,3,3,0,6,3,0,0,2,0,0,1,0,0,0,India delaying digital payments market share caps is modestly positive for Google Pay's growth runway but represents a small fraction of Alphabet's total business.
2024-05-14,GOOGL,cc,3,0,0,0,5,0,0,2,0,0,0,3,8,0,0,2,6,0,0,0,0,5,1,5,0,0,0,0,0,0,8,0,0,0,7,7,0,3,3,7,0,0,5,0,0,0,0,0,0,0,0,0,5,3,0,6,6,0,0,5,1,0,6,7,0,0,"Google I/O is the dominant catalyst — Trillium chip (5x AI performance), AI Search summaries rollout, and broad AI product showcase — partially offset by NHTSA opening a formal investigation into 444 Waymo vehicles over 22 crash incidents."
2024-05-14,GOOGL,gap,1,0,0,0,0,0,0,0,0,0,0,0,5,0,0,0,3,0,0,0,0,0,2,6,0,0,0,0,0,0,0,0,0,0,3,5,0,1,1,3,0,0,2,0,0,0,0,0,0,0,0,0,7,2,0,3,4,0,0,4,2,0,2,9,0,0,"NHTSA opening a formal investigation into 444 Waymo vehicles over 22 reported incidents is a clear regulatory negative for the autonomous driving unit, though Waymo's limited revenue contribution to Alphabet caps overall materiality."
2024-05-15,GOOGL,cc,2,0,0,0,2,0,0,6,0,0,0,0,5,0,0,1,2,0,0,0,0,1,3,6,0,0,0,0,0,0,4,0,0,0,5,4,0,2,2,4,0,0,3,0,0,0,0,0,0,0,0,0,3,2,0,7,5,0,0,2,0,1,5,0,0,5,"Post-I/O positive analyst reactions driving Alphabet stock toward all-time highs are the primary signal, while YouTube's compliance with a Hong Kong court order to block 32 video links is a secondary content-regulation event."
2024-05-15,GOOGL,gap,2,0,0,0,0,0,0,0,0,0,0,0,3,0,0,0,1,0,0,0,0,0,5,4,0,0,0,0,0,0,4,0,0,0,3,4,0,1,1,2,0,0,2,0,0,0,0,0,0,0,0,0,4,3,0,4,3,0,0,3,1,1,2,0,0,7,"YouTube complying with a Hong Kong court order to block 32 video links is a notable regional censorship event, while the news roundups briefly mention Google rolling out AI Search summaries — neither is highly material to Alphabet's overall valuation."
2024-05-17,GOOGL,cc,1,0,0,0,0,0,0,0,0,0,0,0,2,0,0,0,3,0,0,0,0,0,2,3,0,0,0,0,0,0,0,0,0,0,7,4,0,1,2,4,0,0,2,0,0,0,0,0,0,0,0,0,7,3,8,4,3,0,0,3,1,0,2,0,0,0,"Google seeking a non-jury trial in the DOJ ad tech antitrust case is a notable defensive legal maneuver with long-term structural implications, but is procedural rather than immediately market-moving."
2024-05-17,GOOGL,gap,1,0,0,0,0,0,0,0,0,0,0,0,3,0,0,0,3,0,0,0,0,0,3,4,0,0,0,0,0,0,0,0,0,0,5,4,0,1,2,4,0,0,2,0,0,0,0,0,0,0,0,0,7,3,8,4,3,0,0,3,2,0,3,0,0,0,"Google seeking a non-jury trial in the DOJ ad tech antitrust case is a procedural development in a high-stakes lawsuit, signaling legal strategy concerns but not an immediate catalyst."
2024-05-24,GOOGL,cc,2,0,0,0,1,0,0,1,0,0,0,6,4,0,0,0,4,0,0,0,0,0,3,6,0,0,0,0,0,0,0,0,0,0,6,6,0,2,2,5,0,0,3,0,0,0,0,0,0,0,0,0,2,3,0,7,5,0,0,5,1,0,4,0,0,0,"Google's $350M investment in Flipkart at a $37B valuation is a clear strategic capital deployment into India's e-commerce market, while the EU industry chief's call for US tech regulation adds background regulatory noise."
2024-05-24,GOOGL,gap,1,0,0,0,0,0,0,0,0,0,0,0,1,0,0,0,1,0,0,0,0,0,5,2,0,0,0,0,0,0,0,0,0,0,2,2,0,0,3,1,0,0,0,0,0,0,0,0,0,0,0,0,3,8,1,4,2,0,0,1,2,1,1,0,0,0,"EU industry chief calling on the US to pass tech regulations is aspirational rhetoric with no concrete policy action, making it broadly relevant to the sector but immaterial to GOOGL specifically."
2024-05-28,GOOGL,cc,1,0,0,0,0,0,0,0,0,0,0,0,1,0,0,0,1,0,0,0,0,0,4,2,0,0,0,0,0,0,0,0,0,0,2,3,0,0,2,1,0,0,0,0,0,0,0,0,0,0,0,0,2,5,0,5,1,0,0,1,1,0,1,0,0,0,EU regulators engaging Telegram over DSA thresholds is only tangentially relevant to GOOGL — it signals expanding EU tech regulation scope but has no direct impact on Alphabet's operations or financials.
2024-05-29,GOOGL,cc,2,0,0,0,2,0,0,0,0,0,0,1,4,0,0,5,3,0,0,0,0,0,7,4,0,0,0,0,0,0,2,0,0,0,4,5,0,1,2,5,0,0,2,0,0,0,0,0,0,0,0,0,7,4,2,5,4,0,0,3,2,1,2,0,0,0,"A €250M French fine for press publisher rights non-compliance is the most material event driving regulatory risk, partially offset by a positive Hitachi-Google Cloud AI partnership."
2024-05-29,GOOGL,gap,2,0,0,0,2,0,0,0,0,0,0,1,5,0,0,6,3,0,0,0,0,0,7,5,0,0,0,0,0,0,2,0,0,0,4,6,0,2,2,5,0,0,2,0,0,0,0,0,0,0,0,0,7,3,1,4,5,0,0,4,2,0,3,0,0,0,"A €250M French fine for non-compliance with press publisher related rights is a concrete regulatory penalty, partially offset by the positive Hitachi-Google Cloud AI partnership announcement."
2024-05-30,GOOGL,cc,1,0,0,0,2,0,0,0,0,0,0,6,3,0,0,5,3,0,0,0,0,8,0,6,0,0,0,0,0,0,1,0,0,0,5,5,0,2,3,4,0,0,2,0,0,0,0,0,0,0,0,0,0,3,0,7,4,0,0,2,0,0,4,0,0,0,"The $2B Malaysia data center and cloud region investment is the sole GOOGL-relevant event, signaling continued aggressive infrastructure buildout in Southeast Asia as part of a known global expansion pattern."
2024-05-30,GOOGL,gap,1,0,0,0,2,0,0,0,0,0,0,7,4,0,0,7,4,0,0,0,0,9,0,7,0,0,0,0,0,0,1,0,0,0,6,6,0,3,3,5,0,0,2,0,0,0,0,0,0,0,0,0,0,3,0,7,5,0,0,3,0,0,5,0,0,0,Google's $2B investment for its first data center and Cloud region in Malaysia is a clearly positive capital allocation signal reinforcing the aggressive cloud/AI infrastructure expansion narrative.
2024-06-03,GOOGL,cc,0,0,0,0,0,0,0,0,0,0,0,0,0,0,0,0,0,0,0,0,0,0,0,1,0,0,0,0,0,0,0,0,0,0,1,1,0,0,2,0,0,0,0,0,0,0,0,0,0,0,0,0,0,3,0,5,0,0,0,0,0,0,0,0,0,0,"None of the articles are about GOOGL — they cover India's Modi reforms, UK digital bank Monzo's first profit, and US-Indo-Pacific clean energy talks, all irrelevant to Alphabet."
2024-06-03,GOOGL,gap,0,0,0,0,0,0,0,0,0,0,0,0,0,0,0,0,0,0,0,0,0,0,1,1,0,0,0,0,0,0,0,0,0,0,1,1,0,0,3,0,0,0,0,0,0,0,0,0,0,0,0,0,1,6,0,5,1,0,0,0,1,0,0,0,0,0,"None of the articles mention Google or Alphabet — they cover India reforms, Monzo's profit, and Indo-Pacific clean energy talks, making this entry effectively noise for GOOGL."
2024-06-04,GOOGL,cc,1,0,0,0,0,0,0,0,0,0,0,0,3,0,0,0,2,0,0,0,0,0,6,5,0,0,0,0,0,0,0,0,0,0,4,4,0,0,3,2,0,0,1,0,0,0,0,0,0,0,0,0,5,5,0,4,2,0,0,2,2,0,1,0,0,5,Canada's 5% domestic revenue contribution mandate for streaming services is a sector-wide regulatory cost that tangentially affects YouTube but is small in Alphabet's overall revenue context.
2024-06-04,GOOGL,gap,1,0,0,0,0,0,0,0,0,0,0,0,4,0,0,0,2,0,0,0,0,0,6,6,0,0,0,0,0,0,0,0,0,0,4,5,0,0,3,3,0,0,1,0,0,0,0,0,0,0,0,0,5,5,0,3,3,0,0,3,3,0,1,0,0,5,"Canada mandating 5% domestic revenue contributions from online streaming services creates an ongoing regulatory cost applicable to YouTube, though the Canadian market is a small fraction of YouTube's global revenue."
2024-06-05,GOOGL,cc,2,0,0,0,0,0,0,1,0,0,0,2,6,0,0,0,2,0,0,0,0,0,3,4,1,0,0,0,0,0,0,0,0,0,7,7,0,7,1,7,0,0,4,0,0,0,0,0,0,0,0,0,6,3,7,5,5,0,0,6,2,0,3,0,0,0,"Two major events — Alphabet poaching Eli Lilly's CFO Ashkenazi is a significant C-suite hire signaling financial leadership change, while the UK tribunal allowing a $17B adtech abuse lawsuit to proceed amplifies long-term antitrust risk."
2024-06-05,GOOGL,gap,2,0,0,0,0,0,0,1,0,0,0,2,6,0,0,0,2,0,0,0,0,0,3,5,1,0,0,0,0,0,0,0,0,0,6,7,0,7,1,7,0,0,4,0,0,0,0,0,0,0,0,0,6,3,7,5,5,0,0,6,2,0,3,0,0,0,"Alphabet appointing Eli Lilly CFO Anat Ashkenazi is a high-profile C-suite move signaling leadership renewal, while a UK tribunal greenlighting a £17B ad tech lawsuit adds significant legal overhang — together they produce mixed but material signals."
2024-06-10,GOOGL,cc,1,0,0,0,0,0,0,0,0,0,0,1,2,0,0,0,0,0,0,0,0,0,0,3,1,0,0,0,0,0,0,0,0,0,3,5,0,4,0,3,0,0,1,0,0,0,0,0,0,0,0,0,0,1,0,6,2,0,0,2,0,0,1,0,0,0,"Follow-up disclosure of new CFO Ashkenazi's $9.9M signing bonus and $1M salary is informational but lacks market-moving surprise, serving as a routine SEC compensation filing."
2024-06-10,GOOGL,gap,1,0,0,0,0,0,0,0,0,0,0,1,2,0,0,0,1,0,0,0,0,0,0,3,1,0,0,0,0,0,0,0,0,0,2,6,0,3,0,2,0,0,1,0,0,0,0,0,0,0,0,0,0,1,0,6,2,0,0,2,0,0,1,0,0,0,"Disclosure of CFO Ashkenazi's $9.9M signing bonus and $1M salary is a routine SEC-driven compensation detail following the appointment announcement, providing hard data but minimal new investment signal."
2024-06-11,GOOGL,cc,1,0,0,0,0,0,0,0,0,0,0,0,2,0,0,0,3,0,0,0,0,0,7,3,0,0,0,0,0,0,0,0,0,0,4,3,0,0,4,3,0,0,2,0,0,0,0,0,0,0,0,0,6,6,3,3,3,0,0,3,3,0,2,0,0,0,"India's proposed EU-style antitrust law targeting Apple, Google, and Meta is a sector-wide regulatory threat still in proposal stage, limiting immediate materiality but adding to Google's global regulatory overhang."
2024-06-11,GOOGL,gap,1,0,0,0,0,0,0,0,0,0,0,0,2,0,0,0,2,0,0,0,0,0,7,3,0,0,0,0,0,0,0,0,0,0,5,3,0,0,3,3,0,0,1,0,0,0,0,0,0,0,0,0,6,7,2,3,3,0,0,2,3,0,2,0,0,0,"India's proposed EU-style antitrust law is a sector-wide regulatory development still in proposal stage, posing long-term compliance risk to Google but with no immediate operational impact."
2024-06-12,GOOGL,cc,1,0,0,0,0,0,0,0,0,0,0,0,4,0,0,0,3,0,0,0,0,0,2,5,0,0,0,0,0,0,0,0,0,0,5,4,0,2,2,4,0,0,3,0,0,0,0,0,0,0,0,0,6,2,0,3,4,0,0,3,1,0,3,8,0,0,"NHTSA escalating its probe into Waymo self-driving vehicle incidents is clearly negative for the autonomous mobility unit, potentially affecting deployment timelines and regulatory approvals."
2024-06-13,GOOGL,cc,3,0,0,0,0,0,0,0,0,0,0,3,3,0,0,5,2,0,0,0,0,6,3,4,0,0,0,0,0,0,0,0,0,0,4,4,0,1,2,4,0,0,2,0,0,0,0,0,0,0,0,0,4,3,1,6,4,0,0,2,1,5,3,0,0,0,"Three distinct events — Austrian NOYB privacy complaint over Chrome tracking, Thales cybersecurity partnership with Google Cloud, and Berkshire Hathaway geothermal deal for Nevada data centers — net slightly positive as two partnerships outweigh one privacy complaint."
2024-06-13,GOOGL,gap,2,0,0,0,0,0,0,0,0,0,0,3,2,0,0,5,2,0,0,0,0,5,0,5,0,0,0,0,0,0,0,0,0,0,5,4,0,1,1,3,0,0,1,0,0,0,0,0,0,0,0,0,0,2,0,7,4,0,0,2,0,0,2,0,0,0,Two routine but positive partnerships — Thales cybersecurity SOC on Google Cloud and Berkshire geothermal energy for Nevada data centers — reinforce Cloud enterprise and infrastructure narratives without moving the needle materially.
2024-06-17,GOOGL,cc,3,0,0,0,0,0,0,5,0,0,0,0,3,0,0,1,1,0,0,0,0,0,3,5,0,0,0,0,0,0,0,0,0,0,3,4,0,0,6,3,0,0,2,0,0,0,0,0,0,0,0,0,2,6,0,7,4,0,0,2,0,0,4,0,0,4,"Goldman Sachs raising the S&P 500 target to 5,600 explicitly citing mega-cap tech earnings strength is the most market-relevant signal, complemented by YouTube's context notes feature rollout and EU cybersecurity non-discrimination advocacy."
2024-06-17,GOOGL,gap,1,0,0,0,0,0,0,0,0,0,0,0,1,0,0,3,2,0,0,0,0,0,5,3,0,0,0,0,0,0,0,0,0,0,4,3,0,0,2,2,0,0,0,0,0,0,0,0,0,0,0,0,4,6,0,6,3,0,0,1,1,0,1,0,0,0,Duplicate articles about EU industry groups lobbying against discriminatory cloud cybersecurity certification — mildly positive for Google Cloud but an early-stage policy discussion with low immediacy.
2024-06-20,GOOGL,cc,1,0,0,0,0,0,0,0,0,0,0,0,2,0,0,0,4,0,0,0,0,0,4,2,0,0,0,0,0,0,0,0,0,0,3,3,0,0,4,2,0,0,1,0,0,0,0,0,0,0,0,0,2,6,0,6,2,0,0,1,2,0,2,0,0,3,TikTok ban litigation is not directly about GOOGL but carries indirect competitive upside for YouTube and reflects broad platform regulation dynamics.
2024-06-21,GOOGL,cc,3,0,0,0,1,0,0,0,0,0,0,0,2,0,0,0,1,0,0,0,0,0,4,3,0,0,0,0,0,0,1,0,0,0,2,3,0,1,2,2,0,0,1,0,0,0,0,0,0,0,0,0,3,4,0,6,3,0,0,2,1,3,1,0,0,0,Brazil probe closure removes minor regulatory overhang while AI scraping controversy and climate blog are low-impact; net mildly positive but none are material catalysts.
2024-06-21,GOOGL,gap,2,0,0,0,0,0,0,0,0,0,0,0,2,0,0,0,1,0,0,0,0,1,4,4,0,0,0,0,0,0,0,0,0,0,2,2,0,1,1,2,0,0,0,0,0,0,0,0,0,0,0,0,3,3,0,7,3,0,0,2,1,0,1,0,0,0,"Brazil closing the Google/Telegram coordination probe is a clear positive regulatory resolution, while the climate advocacy piece is corporate PR with no material impact."
2024-06-24,GOOGL,cc,1,0,0,0,0,0,0,0,0,0,0,0,1,0,0,0,0,0,0,0,0,0,3,1,0,0,0,0,0,0,0,0,0,0,1,1,0,0,3,1,0,0,1,0,0,0,0,0,0,0,0,0,2,7,0,4,2,0,0,1,1,2,0,0,0,0,UN Secretary-General's generic call for tech accountability is broad sector rhetoric with no specific enforcement mechanism or GOOGL-targeted action.
2024-06-25,GOOGL,cc,1,0,0,0,3,0,0,0,0,0,0,0,3,0,0,6,2,0,0,0,0,0,0,5,0,0,0,0,0,0,5,0,0,0,4,3,0,1,1,3,0,0,1,0,0,0,0,0,0,0,0,0,0,2,0,7,3,0,0,2,0,0,2,0,0,0,Motorola-Google Cloud multiyear generative AI phone deal is a clear positive for Cloud enterprise pipeline and Gemini on-device strategy but Motorola's market share limits materiality.
2024-06-26,GOOGL,cc,2,0,0,0,2,0,0,7,0,0,0,1,3,0,0,0,1,0,0,0,0,0,0,5,0,0,0,0,0,0,3,0,0,0,3,5,0,0,1,2,0,0,1,0,0,0,0,0,0,0,0,0,0,1,0,7,4,0,0,2,0,0,4,0,0,0,Jefferies raising PT to $215 with AI consumer survey data is the material event; the Tutanota mini-tender at below-market price for only 400K shares is immaterial noise.
2024-06-26,GOOGL,gap,1,0,0,0,3,0,0,7,0,0,0,0,4,0,0,0,1,0,0,0,0,0,0,7,0,0,0,0,0,0,3,0,0,0,4,5,0,0,1,3,0,0,2,0,0,0,0,0,0,0,0,0,0,1,0,8,5,0,0,2,0,0,5,0,0,0,"Jefferies raising its price target to $215 with a buy reiteration, backed by a 1,500-person AI consumer survey, is a clear bullish analyst signal with specific data supporting the AI growth thesis."
2024-06-27,GOOGL,cc,1,0,0,0,2,0,0,0,0,0,0,0,2,0,0,6,1,0,0,0,0,0,0,4,0,0,0,0,0,0,2,0,0,0,3,2,0,0,0,2,0,0,0,0,0,0,0,0,0,0,0,0,0,1,0,7,3,0,0,1,0,0,1,0,0,0,Eiffage-Google Cloud AI strategy partnership reinforces the Cloud enterprise AI deal pipeline narrative but is a single mid-tier client win with limited financial detail.
2024-06-27,GOOGL,gap,1,0,0,0,2,0,0,0,0,0,0,0,2,0,0,6,2,0,0,0,0,0,0,5,0,0,0,0,0,0,3,0,0,0,4,3,0,0,1,2,0,0,1,0,0,0,0,0,0,0,0,0,0,1,0,7,3,0,0,1,0,0,2,0,0,0,Eiffage-Google Cloud AI strategy partnership is a routine enterprise deal that reinforces Cloud's enterprise AI traction but is individually immaterial to Alphabet's scale.
2024-07-01,GOOGL,cc,4,0,0,0,0,0,0,0,0,0,0,2,4,0,0,0,1,0,0,0,0,6,5,3,0,0,0,0,0,0,0,0,0,0,5,4,0,0,5,3,0,0,1,0,0,0,0,0,0,0,0,0,4,6,1,4,3,0,0,2,3,0,1,0,0,2,"Mixed day with 1GW Taiwan solar deal (long-term infrastructure positive), Supreme Court social media law ruling (regulatory overhang), digital tax truce extension, and sector-wide share decline creating net mixed sentiment."
2024-07-01,GOOGL,gap,4,0,0,0,0,0,0,0,0,0,0,3,4,0,0,0,2,0,0,0,0,6,5,4,0,0,0,0,0,0,0,0,0,0,5,4,0,0,5,3,0,0,1,0,0,0,0,0,0,0,0,0,5,6,0,4,3,0,0,2,3,0,2,0,0,0,"A busy day with four distinct events — Taiwan 1GW solar pipeline with BlackRock, Supreme Court social media law ruling, US-India digital tax truce, and communications sector selloff — creating mixed sentiment with infrastructure positives offset by regulatory and sector headwinds."
2024-07-02,GOOGL,cc,2,0,0,0,1,0,0,0,0,0,0,2,1,0,0,0,1,0,0,0,0,5,0,4,0,0,0,0,0,0,0,0,0,0,4,3,0,0,2,2,0,0,0,0,0,0,0,0,0,0,0,0,0,2,0,6,2,0,0,1,0,0,1,0,0,0,Google-Engie 118MW Belgian renewable energy PPA supports data center infrastructure narrative while Runway's funding round is tangential AI sector activity with no direct GOOGL impact.
2024-07-03,GOOGL,cc,1,0,0,0,2,0,0,0,0,0,0,0,1,0,0,0,2,0,0,0,0,0,0,2,0,0,0,0,0,0,1,0,0,0,1,2,0,0,3,1,0,0,0,0,0,0,0,0,0,0,0,0,0,3,0,5,1,0,0,1,0,0,1,0,0,0,Magic AI coding startup's $1.5B funding round is AI sector noise with no direct GOOGL involvement or material competitive threat.
2024-07-03,GOOGL,gap,1,0,0,0,2,0,0,0,0,0,0,0,1,0,0,0,2,0,0,0,0,0,0,2,0,0,0,0,0,0,1,0,0,0,1,2,0,0,2,0,0,0,0,0,0,0,0,0,0,0,0,0,0,3,0,5,1,0,0,1,0,0,1,0,0,0,AI startup Magic's funding round is tangential to GOOGL — it reflects broader AI investment momentum but has no direct connection to Alphabet's operations or financials.
2024-07-10,GOOGL,cc,3,0,0,0,1,0,0,1,0,0,0,5,5,0,0,3,4,0,0,0,0,0,1,4,3,0,0,0,0,0,0,0,0,0,4,4,0,2,1,5,0,0,3,0,0,0,0,0,0,0,0,0,2,2,2,5,4,0,0,4,0,0,3,0,0,0,"Alphabet abandoning HubSpot acquisition is the dominant event — a significant M&A reversal signaling capital discipline (or antitrust caution), paired with Google Cloud's fight against Microsoft licensing and the Q2 earnings date setting up the next catalyst."
2024-07-10,GOOGL,gap,1,0,0,0,0,0,0,0,0,0,0,0,3,0,0,0,0,0,0,0,0,0,0,2,3,0,0,0,0,0,0,0,0,0,2,2,0,0,0,1,0,0,0,0,0,0,0,0,0,0,0,0,0,0,0,5,1,0,0,0,0,0,0,0,0,0,"Purely administrative announcement of Q2 2024 earnings call date (July 23) — zero surprise and no new information, though it signals an upcoming catalyst."
2024-07-11,GOOGL,cc,1,0,0,0,0,0,0,0,0,0,0,0,2,0,0,5,5,0,0,0,0,0,2,3,0,0,0,0,0,0,0,0,0,0,4,3,0,2,2,3,0,0,2,0,0,0,0,0,0,0,0,0,2,4,1,6,3,0,0,2,0,0,2,0,0,0,Only GOOGL-relevant news is the Google Cloud head exploring options against Microsoft's licensing practices — a competitive cloud positioning statement with no immediate material action.
2024-07-11,GOOGL,gap,1,0,0,0,0,0,0,0,0,0,0,0,2,0,0,5,5,0,0,0,0,0,2,3,0,0,0,0,0,0,0,0,0,0,4,3,0,1,2,3,0,0,1,0,0,0,0,0,0,0,0,0,3,3,2,4,3,0,0,2,1,0,2,0,0,0,"Google Cloud head publicly signaling exploration of options against Microsoft's licensing practices is a notable competitive escalation in cloud market dynamics, while the Hwang conviction is unrelated to GOOGL."
2024-07-17,GOOGL,cc,2,0,0,0,0,0,0,0,0,0,0,0,1,0,0,0,1,0,0,0,0,0,2,2,0,0,0,0,0,0,0,0,0,0,3,3,0,0,4,1,0,0,1,0,0,0,0,0,0,0,0,0,3,6,0,4,2,0,0,2,1,0,1,0,0,0,"All articles are tangential to GOOGL — Karnataka's local hiring mandate could mildly affect Indian operations and the Vance VP pick signals broader tech-policy direction, but neither has direct material impact."
2024-07-17,GOOGL,gap,3,0,0,0,0,0,0,0,0,0,0,0,1,0,0,0,0,0,0,0,0,0,2,1,0,0,0,0,0,0,0,0,0,0,2,2,0,0,4,1,0,0,0,0,0,0,0,0,0,0,0,0,2,6,0,5,1,0,0,1,1,0,1,0,0,0,"Three tangential stories — Israeli cyber funding, Karnataka job reservation bill, and Vance VP pick — are sector/macro noise with no direct GOOGL-specific impact."
2024-07-18,GOOGL,cc,3,0,0,0,3,0,0,0,0,0,0,2,4,0,0,7,5,0,0,0,0,0,5,4,0,0,0,0,0,0,3,0,0,0,5,5,0,2,3,5,0,0,3,0,0,0,0,0,0,0,0,0,5,4,1,5,4,0,0,3,1,6,3,0,0,0,"Three distinct events: the CMA CGM strategic Cloud/AI partnership is directly positive for enterprise growth, the Italian antitrust probe into user consent is a regulatory negative, and OpenAI's GPT-4o mini launch intensifies AI competition."
2024-07-18,GOOGL,gap,2,0,0,0,2,0,0,0,0,0,0,0,3,0,0,6,2,0,0,0,0,0,4,4,0,0,0,0,0,0,3,0,0,0,4,4,0,0,1,4,0,0,2,0,0,0,0,0,0,0,0,0,5,2,0,5,4,0,0,2,0,5,3,0,0,0,"CMA CGM strategic partnership reinforces Google Cloud's enterprise AI narrative, while the Italian antitrust probe into user consent adds a regulatory/privacy negative, netting to a mixed signal."
2024-07-24,GOOGL,cc,1,0,0,0,4,0,0,0,0,0,0,1,3,0,0,7,4,0,0,0,0,0,0,6,0,0,0,0,0,0,3,0,0,0,4,4,0,2,2,3,0,0,2,0,0,0,0,0,0,0,0,0,0,3,0,7,3,0,0,2,0,0,3,0,0,0,Single event of Vertex AI integrating Mistral's Codestral model broadens Google Cloud's third-party AI model marketplace but is incremental rather than transformative.
2024-07-25,GOOGL,cc,3,0,0,0,0,0,0,1,0,0,0,0,7,0,0,0,1,0,0,0,0,0,4,5,0,0,0,0,0,0,0,0,0,0,4,5,0,0,8,3,0,0,2,0,0,0,0,0,0,0,0,0,4,8,0,2,5,0,0,4,6,0,2,0,0,5,"Dominated by the broad equity sell-off with $45B in hedge fund liquidations and VIX at 3-month highs affecting GOOGL as a mega-cap, combined with Russia's escalating YouTube throttling as a GOOGL-specific regulatory pressure."
2024-07-25,GOOGL,gap,1,0,0,0,0,0,0,0,0,0,0,0,3,0,0,0,0,0,0,0,0,0,0,3,0,0,0,0,0,0,0,0,0,0,2,3,0,0,8,1,0,0,0,0,0,0,0,0,0,0,0,0,0,10,0,2,3,0,0,2,3,0,1,0,0,0,Broad US equity sell-off with VIX spiking to a three-month high is a pure market-wide sentiment event with no GOOGL-specific content.
2024-07-30,GOOGL,cc,1,0,0,0,8,0,0,1,0,0,0,3,4,0,0,2,4,0,0,0,0,0,4,5,0,0,0,0,0,0,2,0,0,0,6,4,0,2,3,4,0,0,3,0,0,0,0,0,0,0,0,0,7,4,2,3,4,0,0,3,2,0,3,0,0,0,All three articles cover the same event — UK CMA formally investigating the Alphabet-Anthropic partnership for potential competition harm — which directly threatens Google's key AI investment strategy.
2024-07-30,GOOGL,gap,1,0,0,0,8,0,0,0,0,0,0,2,3,0,0,0,3,0,0,0,0,0,2,4,0,0,0,0,0,0,0,0,0,0,5,3,0,0,2,4,0,0,2,0,0,0,0,0,0,0,0,0,7,3,1,3,3,0,0,3,2,0,3,0,0,0,All three articles cover the same event — UK CMA formally investigating the Alphabet-Anthropic partnership — a significant regulatory probe directly targeting Google's core AI investment strategy.
2024-07-31,GOOGL,cc,1,0,0,0,0,0,0,1,0,0,0,0,2,0,0,0,2,0,0,0,0,0,0,3,1,0,0,0,0,0,0,0,0,0,2,3,0,0,4,1,0,0,1,0,0,0,0,0,0,0,0,0,0,4,1,3,2,0,0,2,2,0,2,0,0,1,"Pinterest's gloomy ad revenue forecast is only tangentially relevant to GOOGL as a digital advertising peer signal, with no direct impact on Google's business."
2024-07-31,GOOGL,gap,1,0,0,0,0,0,0,0,0,0,0,0,2,0,0,0,3,0,0,0,0,0,0,3,0,0,0,0,0,0,0,0,0,0,2,3,0,0,5,1,0,0,1,0,0,0,0,0,0,0,0,0,0,5,0,3,3,0,0,2,1,0,1,0,0,0,Pinterest's gloomy digital ad forecast is a peer signal that could weigh on sector sentiment but has no direct GOOGL-specific content.
2024-08-01,GOOGL,cc,1,0,0,0,0,0,0,0,0,0,0,0,3,0,0,0,1,0,0,0,0,0,5,3,0,0,0,0,0,0,0,0,0,0,3,3,0,1,3,2,0,0,1,0,0,0,0,0,0,0,0,0,4,5,0,3,3,0,0,2,2,2,1,0,0,3,UK PM's warning to social media firms over Southport misinformation is a broad platform regulation signal that includes Google/YouTube but is not specifically targeted at GOOGL.
2024-08-02,GOOGL,cc,2,0,0,0,8,0,0,2,0,0,0,4,5,0,0,2,6,0,0,0,0,0,1,6,0,0,0,0,0,0,5,0,0,0,6,6,0,4,3,5,0,0,4,0,0,0,0,0,0,0,0,0,2,3,1,7,5,0,0,5,0,0,4,0,0,0,"The Character.AI licensing deal and acqui-hire of cofounders including Noam Shazeer (original Transformer co-author) is a significant AI talent acquisition that strengthens Google's competitive position, while the CrowdStrike stake reduction is minor portfolio management."
2024-08-02,GOOGL,gap,1,0,0,0,1,0,0,0,0,0,0,3,1,0,0,0,1,0,0,0,0,0,0,3,0,0,0,0,0,0,0,0,0,0,1,4,0,0,1,2,0,0,0,0,0,0,0,0,0,0,0,0,0,1,0,5,2,0,0,2,0,0,0,0,0,0,Alphabet trimming its CrowdStrike stake is a routine portfolio adjustment with minimal strategic significance disclosed in the SEC filing.
2024-08-05,GOOGL,cc,1,0,0,0,0,0,0,5,0,0,0,2,9,0,0,0,7,0,0,0,0,0,8,8,0,0,0,0,0,0,1,0,0,0,9,7,0,3,6,9,0,0,8,0,0,0,0,0,0,0,0,0,10,7,10,1,9,0,0,6,5,2,7,0,0,0,Landmark federal ruling that Google illegally monopolized search — the DOJ's first major antitrust victory in over two decades — threatens potential structural remedies including breakup of Google's core revenue engine.
2024-08-06,GOOGL,cc,1,0,0,0,0,0,0,2,0,0,0,0,8,0,0,0,7,0,0,0,0,0,7,7,0,0,0,0,0,0,0,0,0,0,9,7,0,2,5,8,0,0,8,0,0,0,0,0,0,0,0,0,10,7,10,2,8,0,0,6,5,0,7,0,0,0,"Landmark federal court ruling that Google illegally maintained a search monopoly is the most significant antitrust event for the company in decades, threatening its core business model and potentially leading to structural remedies."
2024-08-06,GOOGL,gap,1,0,0,0,0,0,0,2,0,0,0,1,9,0,0,0,7,0,0,0,0,0,6,8,0,0,0,0,0,0,0,0,0,0,9,7,0,1,5,9,0,0,8,0,0,0,0,0,0,0,0,0,10,7,10,1,8,0,0,6,4,0,8,0,0,0,Landmark federal court ruling that Google holds an illegal search monopoly is a watershed antitrust event threatening the structural integrity of Google's core revenue engine and fundamentally shifting the regulatory and valuation narrative.
2024-08-08,GOOGL,cc,2,0,0,0,7,0,0,2,0,0,0,0,3,0,0,1,7,0,0,0,0,0,2,4,0,0,0,0,0,0,3,0,0,0,5,4,0,1,4,4,0,0,4,0,0,0,0,0,0,0,0,0,5,6,3,3,5,0,0,3,3,0,4,0,0,0,OpenAI competitive threat narrative combined with UK CMA launching a probe into Alphabet's Anthropic partnership creates a dual negative signal on AI competition and regulatory scrutiny of Google's AI investment strategy.
2024-08-08,GOOGL,gap,1,0,0,0,5,0,0,0,0,0,0,0,1,0,0,0,2,0,0,0,0,0,2,2,0,0,0,0,0,0,0,0,0,0,3,3,0,0,3,2,0,0,1,0,0,0,0,0,0,0,0,0,4,5,0,4,2,0,0,1,2,0,1,0,0,0,"UK CMA probing Amazon-Anthropic is primarily about a competitor but reinforces the broader regulatory pattern of scrutinizing Big Tech AI partnerships, with indirect read-through to the existing Alphabet-Anthropic investigation."
2024-08-13,GOOGL,cc,4,0,0,0,1,0,0,1,0,0,0,1,5,0,0,0,4,0,0,0,0,0,4,4,0,0,0,0,0,0,6,0,0,0,5,6,0,1,2,5,0,0,3,0,0,0,0,0,0,0,0,0,6,3,6,5,5,0,0,3,2,0,3,0,0,3,"Mixed day with Pixel 9 AI-powered launch and Fitbit-Peloton partnership providing positive product signals, offset by FTC explicitly urging courts to break up Google's monopoly in the Epic Games case and YouTube content moderation action."
2024-08-14,GOOGL,cc,2,0,0,0,0,0,0,1,0,0,0,0,3,0,0,0,0,0,0,0,0,0,0,3,0,0,0,0,0,0,0,0,0,0,2,3,0,0,7,2,0,0,1,0,0,0,0,0,0,0,0,0,1,7,0,4,3,0,0,1,2,0,2,0,0,0,Predominantly macro-driven day with Alphabet mentioned as falling amid broader market indecision ahead of inflation data; Fitbit-Peloton is a repeat from prior day with minimal new information.
2024-08-14,GOOGL,gap,2,0,0,0,0,0,0,0,0,0,0,0,2,0,0,0,1,0,0,0,0,0,0,2,0,0,0,0,0,0,0,0,0,0,2,3,0,0,5,1,0,0,0,0,0,0,0,0,0,0,0,0,0,6,0,5,2,0,0,1,1,0,1,0,0,0,"The Fitbit-Peloton distribution deal is a minor product partnership, while the CPI inflation report is a macro event — neither materially changes GOOGL's outlook."
2024-08-15,GOOGL,cc,2,0,0,0,0,0,0,2,0,0,0,0,2,0,0,3,1,0,0,0,0,0,3,2,0,0,0,0,0,0,0,0,0,0,2,2,0,1,2,2,0,0,1,0,0,0,0,0,0,0,0,0,3,4,0,5,2,0,0,1,1,0,1,0,0,0,Low-impact day with a routine Goldman Sachs conference presentation announcement for Google Cloud CEO and an FTC fake reviews ban that affects the broader digital industry but is not GOOGL-specific.
2024-08-15,GOOGL,gap,2,0,0,0,0,0,0,1,0,0,0,0,2,0,0,3,1,0,0,0,0,0,2,2,0,0,0,0,0,0,0,0,0,0,2,2,0,0,1,1,0,0,0,0,0,0,0,0,0,0,0,0,3,4,0,5,1,0,0,1,0,0,1,0,0,0,A routine Goldman Sachs conference appearance and the FTC fake reviews ban are low-impact events — the conference is standard IR activity and the FTC rule affects the broader ecosystem without singling out Google.
2024-08-16,GOOGL,cc,1,0,0,0,0,0,0,0,0,0,0,0,2,0,0,0,3,0,0,0,0,0,4,2,0,0,0,0,0,0,0,0,0,0,3,3,0,0,3,1,0,0,1,0,0,0,0,0,0,0,0,0,2,5,0,6,2,0,0,1,2,1,1,0,0,3,TikTok's court challenge over US-China ties is only tangentially relevant to GOOGL as a competitor in short-form video; a potential TikTok ban would mildly benefit YouTube but the outcome remains uncertain.
2024-08-16,GOOGL,gap,1,0,0,0,0,0,0,0,0,0,0,0,2,0,0,0,3,0,0,0,0,0,3,2,0,0,0,0,0,0,0,0,0,0,3,3,0,0,3,1,0,0,1,0,0,0,0,0,0,0,0,0,2,5,0,6,2,0,0,1,2,0,1,0,0,2,TikTok legal challenge is tangential to GOOGL; only indirect competitive relevance via YouTube if a ban were to materialize.
2024-08-23,GOOGL,cc,1,0,0,0,5,0,0,0,0,0,0,0,2,0,0,1,2,0,0,0,0,0,5,3,0,0,0,0,0,0,1,0,0,0,4,3,0,0,3,2,0,0,1,0,0,0,0,0,0,0,0,0,4,6,0,5,2,0,0,2,2,1,2,0,0,0,"Anthropic's measured endorsement of the California AI bill is relevant to Google through its major investment in Anthropic and exposure to AI regulation, but the impact is indirect and the bill's outcome is uncertain."
2024-08-23,GOOGL,gap,1,0,0,0,4,0,0,0,0,0,0,0,2,0,0,0,2,0,0,0,0,0,5,3,0,0,0,0,0,0,2,0,0,0,4,3,0,0,4,2,0,0,1,0,0,0,0,0,0,0,0,0,4,6,0,5,2,0,0,2,3,1,2,0,0,0,Anthropic's support for California AI regulation has indirect GOOGL relevance through its strategic investment in Anthropic and broader AI regulatory exposure.
2024-08-28,GOOGL,cc,1,0,0,0,2,0,0,0,0,0,0,0,4,0,0,0,3,0,0,0,0,0,0,5,0,0,0,0,0,0,8,0,0,0,3,4,0,3,2,3,0,0,3,0,0,0,0,0,0,0,0,0,1,2,0,6,4,0,0,3,0,1,2,0,0,0,"Gemini resuming image generation of people after a months-long controversial pause is a positive product recovery signal that addresses a prior credibility issue, though the feature itself is incremental."
2024-08-29,GOOGL,cc,1,0,0,0,3,0,0,1,0,0,0,1,3,0,0,8,3,0,0,0,0,0,0,6,0,0,0,0,0,0,3,0,0,0,5,4,0,1,2,3,0,0,2,0,0,0,0,0,0,0,0,0,0,3,0,7,4,0,0,2,0,0,3,0,0,0,Accenture-Google Cloud strategic alliance expansion in generative AI and cybersecurity is a clearly positive enterprise signal that reinforces Cloud's growth narrative and AI monetization pathway.
2024-08-30,GOOGL,cc,2,0,0,0,1,0,0,0,0,0,0,0,2,0,0,0,1,0,0,0,0,0,6,3,0,0,0,0,0,0,0,0,0,0,4,3,0,0,3,2,0,0,1,0,0,0,0,0,0,0,0,0,4,7,0,4,2,0,0,2,2,2,1,0,0,0,"US-Canada digital services tax dispute creates indirect regulatory exposure for Google's ad revenue in Canada, while South Korea's deepfake crackdown signals growing global content regulation pressure on tech platforms."
2024-08-30,GOOGL,gap,1,0,0,0,0,0,0,0,0,0,0,0,1,0,0,0,0,0,0,0,0,0,3,2,0,0,0,0,0,0,1,0,0,0,2,2,0,0,2,1,0,0,0,0,0,0,0,0,0,0,0,0,2,5,0,4,2,0,0,1,1,1,0,0,0,2,South Korea deepfake crackdown is a broad social media content moderation issue with minimal direct GOOGL impact beyond peripheral YouTube/platform exposure.
2024-09-05,GOOGL,cc,1,0,0,0,0,0,0,0,0,0,0,0,2,0,0,0,2,0,0,0,0,0,6,3,0,0,0,0,0,0,0,0,0,0,2,3,0,0,1,2,0,0,1,0,0,0,0,0,0,0,0,0,5,2,2,4,2,0,0,2,1,0,1,0,0,0,"A court adviser's non-binding opinion siding with Italy on Android Auto access is a minor regulatory signal within Google's broader EU platform compliance exposure, not yet a ruling."
2024-09-05,GOOGL,gap,1,0,0,0,0,0,0,0,0,0,0,0,3,0,0,0,3,0,0,0,0,0,7,5,0,0,0,0,0,0,0,0,0,0,4,4,0,1,2,3,0,0,2,0,0,0,0,0,0,0,0,0,6,3,3,3,3,0,0,3,1,0,1,0,0,0,EU court adviser siding with Italy on Android Auto access restrictions is a direct but narrow GOOGL regulatory risk in a non-core product area.
2024-09-06,GOOGL,cc,2,0,0,0,0,0,0,0,0,0,0,0,4,0,0,0,4,0,0,0,0,0,5,5,0,0,0,0,0,0,0,0,0,0,5,5,0,1,2,5,0,0,3,0,0,0,0,0,0,0,0,0,7,4,8,3,5,0,0,3,3,0,3,0,0,3,UK CMA's provisional finding that Google breached competition law by favoring its own ad tech services is a significant regulatory escalation; the YouTube Tenet Media channel termination is a minor content moderation action.
2024-09-06,GOOGL,gap,2,0,0,0,0,0,0,0,0,0,0,0,5,0,0,0,5,0,0,0,0,0,6,6,0,0,0,0,0,0,0,0,0,0,6,6,0,2,3,5,0,0,4,0,0,0,0,0,0,0,0,0,8,4,8,3,5,0,0,3,2,0,3,0,0,3,UK CMA provisional finding that Google abused dominance in ad tech directly threatens core revenue; YouTube Tenet Media termination is a minor secondary event.
2024-09-09,GOOGL,cc,1,0,0,0,0,0,0,0,0,0,0,0,1,0,0,0,1,0,0,0,0,0,3,2,0,0,0,0,0,0,0,0,0,0,1,2,0,0,2,1,0,0,0,0,0,0,0,0,0,0,0,0,2,4,0,4,1,0,0,1,1,1,0,0,0,0,"Malaysia's DNS re-routing plan is a country-level internet censorship policy with only tangential relevance to Google, carrying negligible direct impact on GOOGL's business."
2024-09-09,GOOGL,gap,1,0,0,0,0,0,0,0,0,0,0,0,1,0,0,0,1,0,0,0,0,0,3,2,0,0,0,0,0,0,0,0,0,0,2,2,0,0,2,1,0,0,0,0,0,0,0,0,0,0,0,0,2,4,0,4,1,0,0,1,1,1,0,0,0,0,Malaysia DNS re-routing plan is a regional internet infrastructure policy with negligible direct impact on GOOGL operations or financials.
2024-09-10,GOOGL,cc,2,0,0,0,0,0,0,0,0,0,0,0,7,0,0,0,5,0,0,0,0,0,7,7,1,0,0,0,0,0,0,0,0,0,7,6,0,1,3,7,0,0,4,0,0,0,0,0,0,0,0,0,9,5,9,2,6,0,0,3,4,0,3,0,0,0,"EU's highest court delivering a final, unappealable confirmation of the €2.4B comparison-shopping fine — combined with the start of the separate US ad tech trial in Virginia — makes this a peak antitrust day with lasting precedent-setting implications."
2024-09-10,GOOGL,gap,2,0,0,0,0,0,0,0,0,0,0,0,7,0,0,0,5,0,0,0,0,0,7,8,0,0,0,0,0,0,0,0,0,0,7,7,0,2,4,7,0,0,5,0,0,0,0,0,0,0,0,0,9,5,9,2,6,0,0,3,3,0,4,0,0,0,"EU top court definitively upheld the €2.42B shopping fine (exhausting appeals) while a separate US ad tech antitrust trial began in Virginia, compounding regulatory pressure on Google's core business."
2024-09-11,GOOGL,cc,1,0,0,0,0,0,0,0,0,0,0,0,0,0,0,0,0,0,0,0,0,0,0,1,0,0,0,0,0,0,0,0,0,0,0,2,0,0,3,0,0,0,0,0,0,0,0,0,0,0,0,0,0,6,0,5,1,0,0,0,0,0,0,0,0,0,Article about record global bank dividends has no direct relevance to Google/Alphabet — pure background macro news with no GOOGL-specific signal.
2024-09-12,GOOGL,cc,3,0,0,0,4,0,0,0,0,0,0,1,3,0,0,1,2,0,0,0,0,4,3,3,0,0,0,0,0,0,2,0,0,0,3,4,0,0,3,3,0,0,2,0,0,0,0,0,0,0,0,0,5,5,0,4,3,0,0,3,2,6,2,0,0,0,"Three distinct events — White House AI energy summit, Irish data protection probe into Google's AI training data practices, and a record-low DAC carbon credit deal — collectively paint a mixed picture with the DPC probe being the most material regulatory concern."
2024-09-12,GOOGL,gap,3,0,0,0,4,0,0,0,0,0,0,2,3,0,0,2,2,0,0,0,0,5,4,3,0,0,0,0,0,0,3,0,0,0,4,5,0,1,4,3,0,0,2,0,0,0,0,0,0,0,0,0,5,6,0,5,3,0,0,3,3,6,2,0,0,0,"Three mixed events: White House AI energy summit (positive engagement), Ireland DPC probe into Google's data protection for AI training (negative regulatory), and a record-low DAC credit deal (minor ESG positive)."
2024-09-18,GOOGL,cc,3,0,0,0,0,0,0,0,0,0,0,2,7,0,0,0,4,0,0,0,0,0,5,7,1,0,0,0,0,0,0,0,0,0,6,6,0,1,2,7,0,0,4,0,0,0,0,0,0,0,0,0,7,4,8,7,6,0,0,5,2,0,3,0,0,4,"EU court scrapping the €1.49B ad abuse fine is a clear positive catalyst that partially offsets the antitrust narrative, though the rejected AdX divestiture offer signals the EU probe continues; YouTube-Shopee partnership adds a minor positive e-commerce angle."
2024-09-18,GOOGL,gap,1,0,0,0,0,0,0,1,0,0,0,1,7,0,0,0,4,0,0,0,0,0,5,8,1,0,0,0,0,0,0,0,0,0,5,7,0,2,3,6,0,0,3,0,0,0,0,0,0,0,0,0,7,4,8,8,6,0,0,5,1,0,2,0,0,0,"EU General Court scrapped the €1.49B AdSense fine entirely, a clear positive win that partially offsets the shopping fine loss from the prior week and removes a material financial liability."
2024-09-19,GOOGL,cc,1,0,0,0,0,0,0,0,0,0,0,0,3,0,0,0,2,0,0,0,0,0,4,5,0,0,0,0,0,0,0,0,0,0,4,3,0,0,3,3,0,0,2,0,0,0,0,0,0,0,0,0,4,4,5,6,4,0,0,2,2,0,2,0,0,0,"Primarily follow-up commentary on Google's €1.7B EU fine court win from the prior day; the OECD tax pact and Axel Springer items are tangential, making this a low-information continuation day."
2024-09-19,GOOGL,gap,1,0,0,0,0,0,0,0,0,0,0,1,4,0,0,0,3,0,0,0,0,0,5,7,0,0,0,0,0,0,0,0,0,0,5,5,0,1,2,5,0,0,3,0,0,0,0,0,0,0,0,0,6,4,7,8,5,0,0,4,1,0,2,0,0,0,Follow-up coverage of the same €1.49B EU fine win from 9/18; scores slightly lower as no new information is revealed beyond the prior day's ruling.
2024-09-23,GOOGL,cc,1,0,0,0,0,0,0,0,0,0,0,0,3,0,0,0,0,0,0,0,0,0,2,6,0,0,0,0,0,0,0,0,0,0,4,4,0,2,0,4,0,0,2,0,0,0,0,0,0,0,0,0,4,1,0,7,4,0,0,3,0,0,1,0,0,0,Dismissal of a putative securities fraud class action removes a litigation overhang — a clearly positive but moderate legal outcome with limited broader market significance.
2024-09-23,GOOGL,gap,1,0,0,0,0,0,0,0,0,0,0,0,2,0,0,0,0,0,0,0,0,0,0,5,0,0,0,0,0,0,0,0,0,0,2,4,0,1,0,3,0,0,1,0,0,0,0,0,0,0,0,0,3,0,0,7,3,0,0,2,0,0,1,0,0,0,"Dismissal of a securities fraud class action is modestly positive, removing a legal overhang, but the case was not high-profile enough to materially shift the investment thesis."
2024-09-24,GOOGL,cc,2,0,0,0,0,0,0,0,0,0,0,1,2,0,0,0,1,0,0,0,0,0,4,3,0,0,0,0,0,0,0,0,0,0,2,4,0,1,1,2,0,0,1,0,0,0,0,0,0,0,0,0,3,2,1,5,2,0,0,2,0,5,1,0,0,0,UK CMA's cooperative engagement on Chrome cookie concerns is constructive but incremental; the unsolicited Tutanota mini-tender at $180/share for a trivial 350K shares is immaterial noise that Alphabet itself does not endorse.
2024-09-24,GOOGL,gap,1,0,0,0,0,0,0,0,0,0,0,1,1,0,0,0,0,0,0,0,0,0,0,2,0,0,0,0,0,0,0,0,0,0,0,3,0,0,0,1,0,0,0,0,0,0,0,0,0,0,0,0,0,0,0,4,1,0,0,1,0,0,0,0,0,0,"An unsolicited mini-tender for only 350,000 shares at $180 (likely below market) is routine noise that Alphabet itself does not endorse; immaterial to valuation or operations."
2024-09-25,GOOGL,cc,2,0,0,0,0,0,0,0,0,0,0,1,1,0,0,3,1,0,0,0,0,0,0,2,0,0,0,0,0,0,0,0,0,0,1,2,0,0,3,1,0,0,0,0,0,0,0,0,0,0,0,0,0,2,0,6,2,0,0,1,0,0,1,0,0,0,"Minor news day with Google Cloud backing a UK bond tape bid and a generic sector roundup showing small gains, neither materially affecting GOOGL's fundamentals."
2024-09-25,GOOGL,gap,1,0,0,0,0,0,0,0,0,0,0,1,1,0,0,3,1,0,0,0,0,0,0,3,0,0,0,0,0,0,0,0,0,0,2,3,0,0,2,2,0,0,0,0,0,0,0,0,0,0,0,0,0,2,0,6,2,0,0,1,0,0,1,0,0,0,"Google Cloud backing a UK bond tape bid alongside Norway's sovereign fund and UBS is a small but positive signal for enterprise cloud diversification, though immaterial to overall revenue."
2024-09-26,GOOGL,cc,1,0,0,0,3,0,0,0,0,0,0,7,3,0,0,4,3,0,0,0,0,9,0,6,0,0,0,0,0,0,1,0,0,0,6,5,0,2,2,5,0,0,2,0,0,0,0,0,0,0,0,0,0,2,0,7,4,0,0,2,0,0,4,0,0,0,"A $3.3B dual data center investment in South Carolina is a significant capital allocation signal reinforcing Google's AI/cloud infrastructure buildout narrative, though not unexpected given the industry trend."
2024-09-30,GOOGL,cc,3,0,0,0,2,0,0,0,0,0,0,5,3,0,0,3,2,0,0,0,0,7,4,5,0,0,0,0,0,0,0,0,0,0,5,5,0,1,2,4,0,0,2,0,0,0,0,0,0,0,0,0,4,4,5,6,4,0,0,2,1,0,3,0,0,0,"Mixed day with a $1B Thailand datacenter investment (positive), routine Russia content fines (minor negative), and expert analysis downplaying ad tech trial financial risk, netting slightly positive overall."
2024-09-30,GOOGL,gap,3,0,0,0,0,0,0,0,0,0,0,4,3,0,0,2,2,0,0,0,0,6,4,4,0,0,0,0,0,0,0,0,0,0,5,5,0,0,2,4,0,0,2,0,0,0,0,0,0,0,0,0,5,3,5,6,4,0,0,2,1,0,2,0,0,0,"Three distinct events: $1B Thailand data center investment is positive for infrastructure buildout, Russia fines are routine nuisance, and expert commentary framing ad tech trial risk as minimal provides modest reassurance on antitrust overhang."
2024-10-01,GOOGL,cc,2,0,0,0,2,0,0,0,0,0,0,6,2,0,0,4,2,0,0,0,0,8,0,5,0,0,0,0,0,0,0,0,0,0,5,5,0,1,2,4,0,0,1,0,0,0,0,0,0,0,0,0,0,2,0,7,3,0,0,1,0,0,3,0,0,0,"Google's $2B Malaysia datacenter announcement with detailed economic impact projections (26,500 jobs, $3B GDP by 2030) continues the global infrastructure expansion pattern; Menlo Security news is tangential."
2024-10-01,GOOGL,gap,1,0,0,0,0,0,0,0,0,0,0,6,2,0,0,3,2,0,0,0,0,8,0,5,0,0,0,0,0,0,0,0,0,0,6,6,0,1,1,4,0,0,1,0,0,0,0,0,0,0,0,0,0,2,0,7,4,0,0,2,0,0,3,0,0,0,"Google's $2B Malaysia data center announcement with specific economic impact projections ($3B GDP, 26,500 jobs by 2030) represents a significant capital deployment signal reinforcing the aggressive global infrastructure buildout narrative."
2024-10-03,GOOGL,cc,2,0,0,0,0,0,0,0,0,0,0,2,2,0,0,3,1,0,0,0,0,5,4,4,0,0,0,0,0,0,0,0,0,0,4,3,0,0,3,2,0,0,0,0,0,0,0,0,0,0,0,0,3,4,0,5,2,0,0,1,1,0,1,0,0,0,Low-impact day with Adani clean energy supply for India cloud operations and Philippines imposing 12% VAT on foreign digital providers including Google — neither is individually significant for GOOGL.
2024-10-03,GOOGL,gap,2,0,0,0,0,0,0,0,0,0,0,1,1,0,0,2,1,0,0,0,0,5,3,3,0,0,0,0,0,0,0,0,0,0,4,3,0,0,2,2,0,0,0,0,0,0,0,0,0,0,0,0,3,3,0,5,2,0,0,1,1,0,1,0,0,0,"Adani clean energy deal for India cloud operations is a modest positive for sustainability infrastructure, while the Philippines 12% VAT on foreign digital providers is a minor headwind affecting all large tech platforms equally."
2024-10-04,GOOGL,cc,1,0,0,0,0,0,0,0,0,0,0,0,1,0,0,0,1,0,0,0,0,0,1,3,0,0,0,0,0,0,0,0,0,0,2,2,0,1,1,1,0,0,0,0,0,0,0,0,0,0,0,0,0,1,1,6,2,0,0,1,0,1,1,0,0,0,Trivial news day with Google testing verified check marks in search results — a minor product UX experiment with negligible financial or strategic implications.
2024-10-08,GOOGL,cc,3,0,0,0,0,0,0,0,0,0,0,1,7,0,0,4,7,0,0,0,0,0,7,6,0,0,0,0,0,0,0,0,0,0,8,6,0,1,5,7,0,0,6,0,0,0,0,0,0,0,0,0,9,6,9,3,6,0,0,5,4,0,5,0,0,0,"Major antitrust escalation day with DOJ expected to propose search competition remedies (including potential breakup) and a federal judge ordering Google Play to open to rival marketplaces, partially offset by a positive 10-year Vodafone partnership expansion."
2024-10-08,GOOGL,gap,3,0,0,0,0,0,0,0,0,0,0,0,7,0,0,4,6,0,0,0,0,0,7,5,0,0,0,0,0,0,0,0,0,0,8,6,0,0,3,7,0,0,6,0,0,0,0,0,0,0,0,0,9,5,9,3,6,0,0,5,3,0,5,0,0,0,"A critical day with DOJ outlining search competition remedies, a federal judge ordering Google Play to open to rival marketplaces, and a 10-year Vodafone partnership; the combined antitrust pressure on both Search and Play Store dominates sentiment with potentially structural long-term consequences."
2024-10-09,GOOGL,cc,1,0,0,0,2,0,0,0,0,0,0,0,7,0,0,1,7,0,0,0,0,0,3,7,0,0,0,0,0,0,2,0,0,0,9,6,0,1,5,8,0,0,8,0,0,0,0,0,0,0,0,0,10,7,10,2,7,0,0,4,5,0,7,0,0,0,"All three articles cover the DOJ considering a full breakup of Google's search business — the most severe antitrust threat in the company's history, threatening its core profit engine and AI growth trajectory."
2024-10-10,GOOGL,cc,2,0,0,0,0,0,0,0,0,0,0,0,4,0,0,0,4,0,0,0,0,0,2,5,0,0,0,0,0,0,0,0,0,0,7,4,0,5,3,5,0,0,5,0,0,0,0,0,0,0,0,0,7,5,7,3,5,0,0,4,3,0,4,0,0,0,"Continued antitrust overhang coverage combined with the departure of Google's EMEA boss Matt Brittin after a decade, adding a management credibility dimension to an already negative news cycle."
2024-10-10,GOOGL,gap,1,0,0,0,0,0,0,0,0,0,0,0,7,0,0,0,6,0,0,0,0,0,5,6,0,0,0,0,0,0,0,0,0,0,9,4,0,0,4,8,0,0,7,0,0,0,0,0,0,0,0,0,10,5,10,2,7,0,0,6,4,0,7,0,0,0,"DOJ actively contemplating a breakup of Google over search dominance represents the most severe antitrust escalation in the company's history, with potential to permanently restructure the business and fundamentally alter the investment thesis."
2024-10-11,GOOGL,cc,2,0,0,0,0,0,0,0,0,0,0,0,2,0,0,0,0,0,0,0,0,0,0,2,2,0,0,0,0,0,0,0,0,0,2,2,0,0,2,1,0,0,0,0,0,0,0,0,0,0,0,0,0,2,0,5,1,0,0,0,0,0,1,0,0,0,Quiet day with only a routine Q3 2024 earnings call date announcement (Oct 29) and a tangential UK investment summit mention — no material news for GOOGL.
2024-10-11,GOOGL,gap,1,0,0,0,0,0,0,0,0,0,0,0,2,0,0,0,0,0,0,0,0,0,0,2,2,0,0,0,0,0,0,0,0,0,1,2,0,0,1,1,0,0,0,0,0,0,0,0,0,0,0,0,0,1,0,5,1,0,0,0,0,0,0,0,0,0,Routine announcement of Q3 2024 earnings call date (Oct 29) and a tangentially related UK investment summit reception are standard calendar items with no informational value beyond setting up a future catalyst.
2024-10-14,GOOGL,cc,1,0,0,0,4,0,0,1,0,0,0,5,3,0,0,2,3,0,0,0,0,9,0,5,0,0,0,0,0,0,2,0,0,0,7,5,0,2,4,5,0,0,4,0,0,0,0,0,0,0,0,0,2,5,0,7,5,0,0,6,1,0,4,0,0,0,
2024-10-15,GOOGL,cc,1,0,0,0,1,0,0,0,0,0,0,1,1,0,0,0,2,0,0,0,0,4,0,3,0,0,0,0,0,0,1,0,0,0,2,2,0,0,5,2,0,0,1,0,0,0,0,0,0,0,0,0,0,5,0,6,2,0,0,1,1,0,1,0,0,0,
2024-10-15,GOOGL,gap,1,0,0,0,3,0,0,0,0,0,0,6,4,0,0,0,3,0,0,0,0,9,0,5,0,0,0,0,0,0,1,0,0,0,7,4,0,2,4,5,0,0,4,0,0,0,0,0,0,0,0,0,2,4,0,7,5,0,0,6,1,0,4,0,0,0,"Google backing construction of seven small nuclear reactors via Kairos is a novel and attention-grabbing commitment to long-term AI infrastructure energy supply, scoring high on datacenter/energy infrastructure and capital allocation as it signals serious intent to secure next-generation power for compute-intensive operations."
2024-10-16,GOOGL,cc,1,0,0,0,1,0,0,0,0,0,0,1,1,0,0,0,2,0,0,0,0,4,0,2,0,0,0,0,0,0,0,0,0,0,2,2,0,0,5,1,0,0,1,0,0,0,0,0,0,0,0,0,0,5,0,6,2,0,0,1,1,0,1,0,0,0,
2024-10-16,GOOGL,gap,2,0,0,0,3,0,0,0,0,0,0,3,2,0,0,1,2,0,0,0,0,7,0,3,0,0,0,0,0,0,1,0,0,0,6,3,0,0,6,2,0,0,1,0,0,0,0,0,0,0,0,0,0,7,0,7,3,0,0,1,1,0,2,0,0,0,"Both articles are about the broader AI datacenter/energy ecosystem (photonic networking chips, nuclear power for datacenters) with only indirect mention of Google, making this sector-level background rather than company-specific news."
2024-10-17,GOOGL,cc,1,0,0,0,4,0,0,1,0,0,0,1,3,0,0,1,3,0,0,0,0,0,0,5,0,0,0,0,0,0,8,0,0,0,5,4,0,4,2,4,0,0,4,0,0,0,0,0,0,0,0,0,0,2,0,6,4,0,0,4,0,0,3,0,0,0,
2024-10-18,GOOGL,cc,1,0,0,0,0,0,0,1,0,0,0,0,5,0,0,0,4,0,0,0,0,0,5,4,0,0,0,0,0,0,0,0,0,0,3,5,0,1,2,5,0,0,2,0,0,0,0,0,0,0,0,0,6,3,7,7,4,0,0,3,1,0,2,0,0,0,
2024-10-22,GOOGL,cc,2,0,0,0,4,0,0,0,0,0,0,1,2,0,0,1,4,0,0,0,0,0,0,4,0,0,0,0,0,0,5,0,0,0,4,3,0,1,3,3,0,0,2,0,0,0,0,0,0,0,0,0,0,3,0,7,4,0,0,2,0,0,3,2,0,0,
2024-10-23,GOOGL,cc,1,0,0,0,1,0,0,0,0,0,0,0,0,0,0,0,0,0,0,0,0,0,0,1,0,0,0,0,0,0,1,0,0,0,1,1,0,1,1,1,0,0,0,0,0,0,0,0,0,0,0,0,0,2,0,5,1,0,0,0,0,0,0,0,0,0,
2024-10-23,GOOGL,gap,1,0,0,0,0,0,0,0,0,0,0,0,1,0,0,0,0,0,0,0,0,0,0,1,0,0,0,0,0,0,0,0,0,0,1,1,0,0,1,0,0,0,0,0,0,0,0,0,0,0,0,0,0,3,0,4,1,0,0,1,1,0,0,0,0,0,Bengaluru flooding is a weather event in a tech hub with no direct GOOGL-specific operational or financial impact disclosed in the article.
2024-10-24,GOOGL,cc,2,0,0,0,8,0,0,1,0,0,0,3,4,0,0,0,4,0,0,0,0,0,3,4,0,0,0,0,0,0,1,0,0,0,5,5,0,2,4,5,0,0,4,0,0,0,0,0,0,0,0,0,7,4,2,3,5,0,0,4,3,1,3,0,0,0,
2024-10-24,GOOGL,gap,2,0,0,0,7,0,0,0,0,0,0,2,5,0,0,0,3,0,0,0,0,0,3,4,0,0,0,0,0,0,0,0,0,0,5,4,0,2,3,4,0,0,3,0,0,0,0,0,0,0,0,0,7,4,2,3,5,0,0,4,2,2,2,0,0,0,"UK CMA formally launching an antitrust probe into Google's $2B Anthropic investment (articles 1-3 are the same event) is the primary driver, compounded by the Character.AI lawsuit naming Google, creating a dual regulatory/legal negative day for GOOGL's AI strategy."
2024-10-25,GOOGL,cc,1,0,0,0,0,0,0,0,0,0,0,0,2,0,0,0,1,0,0,0,0,0,5,3,0,0,0,0,0,0,0,0,0,0,3,3,0,1,2,3,0,0,2,0,0,0,0,0,0,0,0,0,5,3,3,3,3,0,0,3,2,2,1,0,0,0,
2024-10-25,GOOGL,gap,1,0,0,0,0,0,0,0,0,0,0,0,3,0,0,0,1,0,0,0,0,0,5,3,0,0,0,0,0,0,0,0,0,0,3,2,0,1,2,2,0,0,1,0,0,0,0,0,0,0,0,0,5,3,4,3,3,0,0,2,1,1,1,0,0,0,A single state-level AG investigation into alleged conservative speech censorship is a recurring political/regulatory theme for Google with limited financial materiality but moderate regulatory risk.
2024-10-28,GOOGL,cc,1,0,0,0,0,0,0,6,0,0,0,0,7,0,0,1,4,0,0,0,0,0,0,5,7,0,0,2,0,0,1,0,0,0,4,5,0,1,3,5,0,0,4,0,0,0,0,0,0,0,0,0,0,2,3,3,5,0,0,2,1,0,5,0,0,3,
2024-10-28,GOOGL,gap,1,0,0,0,0,0,0,4,0,0,0,0,6,0,0,1,4,0,0,0,0,0,0,5,6,0,0,0,0,0,0,0,0,0,3,4,0,0,3,4,0,0,3,0,0,0,0,0,0,0,0,0,0,2,2,3,4,0,0,2,1,0,4,0,0,3,"Pre-earnings preview article sets a bearish tone by forecasting Alphabet's slowest quarterly revenue growth in four quarters due to Search competition and YouTube ad pressure, framing expectations ahead of the Tuesday report."
2024-10-29,GOOGL,cc,1,0,0,0,6,0,0,0,0,0,0,1,1,0,0,2,3,0,0,0,0,0,0,3,0,0,0,0,0,0,3,0,0,0,2,2,0,1,3,2,0,0,1,0,0,0,0,0,0,0,0,0,0,3,0,6,3,0,0,1,0,0,2,0,0,0,Anthropic president interview at Money20/20 discussing existing Google partnership provides modest AI investment signal but no new announcements or hard data.
2024-10-29,GOOGL,gap,1,0,0,0,4,0,0,0,0,0,0,0,1,0,0,0,1,0,0,0,0,0,0,2,0,0,0,0,0,0,0,0,0,0,2,2,0,0,2,1,0,0,1,0,0,0,0,0,0,0,0,0,0,2,0,6,2,0,0,0,0,0,1,0,0,0,A conference interview with Anthropic's president discussing the Google partnership is a low-information soft event with no new material disclosures or announcements.
2024-10-30,GOOGL,cc,1,0,0,0,2,0,0,3,0,0,0,2,9,0,0,8,4,0,0,0,0,1,0,8,10,0,0,6,0,0,3,0,0,0,6,9,0,4,4,9,0,0,4,0,0,0,0,0,0,0,0,0,0,3,0,9,8,0,0,5,1,0,6,0,0,1,"All nine articles cover the same Q3 2024 earnings beat — 15% YoY revenue to $88.27B, $26.3B net income, with AI-driven cloud growth as the standout driver triggering an after-hours rally."
2024-10-30,GOOGL,gap,1,0,0,0,3,0,0,3,0,0,0,2,9,0,0,8,3,0,0,0,0,2,0,8,10,0,0,7,0,0,2,0,0,0,6,9,0,1,4,9,0,0,4,0,0,0,0,0,0,0,0,0,0,3,0,8,8,0,0,5,1,0,6,0,0,1,All nine articles cover Alphabet's Q3 2024 earnings beat — 15% revenue growth to $88.27B topping estimates with cloud as the standout driver — triggering an after-hours rally and countering the prior week's slowing-growth narrative.
